"block","cell_id","design","structure","layout","xdist","ydist","sdx","shift","tr","nx","ny","truth","n_valid","method","fail","type1","err_below","err_above","one_sided","width95","power0","tost05","tost1"
"A",1001,"two","identical","balanced","normal","normal",1,0,0,8,8,0,2000,"perm",0,0.0495,0.0595,0.0475,0.0595,2.11813070270525,0.0495,0.0015,0.2305
"A",1001,"two","identical","balanced","normal","normal",1,0,0,8,8,0,2000,"boot_stud",0,0.05,0.059,0.045,0.059,2.2129276646829,0.05,5e-04,0.198
"A",1001,"two","identical","balanced","normal","normal",1,0,0,8,8,0,2000,"boot_bca",0,0.0955,0.0845,0.068,0.0845,1.81179833119969,0.0955,0.0015,0.351
"A",1001,"two","identical","balanced","normal","normal",1,0,0,8,8,0,2000,"ref",0,0.047,0.0575,0.0465,0.0575,2.13905276275835,0.047,5e-04,0.2265
"A",1002,"two","identical","balanced","normal","normal",1,0,0,15,15,0,2000,"perm",0,0.051,0.0475,0.054,0.054,1.47849151522374,0.051,0.008,0.6925
"A",1002,"two","identical","balanced","normal","normal",1,0,0,15,15,0,2000,"boot_stud",0,0.0505,0.0455,0.0515,0.0515,1.49591094857349,0.0505,0.007,0.6795
"A",1002,"two","identical","balanced","normal","normal",1,0,0,15,15,0,2000,"boot_bca",0,0.0675,0.0565,0.066,0.066,1.36492457747782,0.0675,0.0135,0.735
"A",1002,"two","identical","balanced","normal","normal",1,0,0,15,15,0,2000,"ref",0,0.051,0.0465,0.0555,0.0555,1.48172042351165,0.051,0.0075,0.689
"A",1003,"two","identical","balanced","normal","normal",1,0,0,30,30,0,2000,"perm",0,0.0555,0.054,0.054,0.054,1.03461072376362,0.0555,0.208,0.965
"A",1003,"two","identical","balanced","normal","normal",1,0,0,30,30,0,2000,"boot_stud",0,0.056,0.055,0.054,0.055,1.03809354794616,0.056,0.2075,0.963
"A",1003,"two","identical","balanced","normal","normal",1,0,0,30,30,0,2000,"boot_bca",0,0.069,0.06,0.062,0.062,0.993243758962585,0.069,0.2525,0.9695
"A",1003,"two","identical","balanced","normal","normal",1,0,0,30,30,0,2000,"ref",0,0.054,0.0525,0.053,0.053,1.03433991678435,0.054,0.212,0.9645
"A",1004,"two","identical","balanced","normal","normal",1,0,0,50,50,0,2000,"perm",0,0.0475,0.051,0.054,0.054,0.793560715654848,0.0475,0.597,0.9995
"A",1004,"two","identical","balanced","normal","normal",1,0,0,50,50,0,2000,"boot_stud",0,0.05,0.05,0.052,0.052,0.794339776874551,0.05,0.59,0.9995
"A",1004,"two","identical","balanced","normal","normal",1,0,0,50,50,0,2000,"boot_bca",0,0.054,0.0555,0.057,0.057,0.772665162939603,0.054,0.6105,0.9995
"A",1004,"two","identical","balanced","normal","normal",1,0,0,50,50,0,2000,"ref",0,0.049,0.0485,0.052,0.052,0.79247183070839,0.049,0.595,0.9995
"A",1005,"two","identical","1:2","normal","normal",1,0,0,8,16,0,2000,"perm",0,0.056,0.0605,0.051,0.0605,1.81490398014382,0.056,0.0015,0.401
"A",1005,"two","identical","1:2","normal","normal",1,0,0,8,16,0,2000,"boot_stud",0,0.0525,0.057,0.0505,0.057,1.86617593435554,0.0525,0.001,0.3835
"A",1005,"two","identical","1:2","normal","normal",1,0,0,8,16,0,2000,"boot_bca",0,0.0925,0.084,0.072,0.084,1.57944207067902,0.0925,0.0065,0.5235
"A",1005,"two","identical","1:2","normal","normal",1,0,0,8,16,0,2000,"ref",0,0.0585,0.061,0.0515,0.061,1.82466506446813,0.0585,0.001,0.3975
"A",1006,"two","identical","1:2","normal","normal",1,0,0,15,30,0,2000,"perm",0,0.041,0.046,0.041,0.046,1.2866502764334,0.041,0.032,0.861
"A",1006,"two","identical","1:2","normal","normal",1,0,0,15,30,0,2000,"boot_stud",0,0.0425,0.0445,0.043,0.0445,1.29805747483087,0.0425,0.0315,0.8615
"A",1006,"two","identical","1:2","normal","normal",1,0,0,15,30,0,2000,"boot_bca",0,0.0575,0.0545,0.0535,0.0545,1.19643379115324,0.0575,0.063,0.8875
"A",1006,"two","identical","1:2","normal","normal",1,0,0,15,30,0,2000,"ref",0,0.0405,0.047,0.0405,0.047,1.28725944819986,0.0405,0.0325,0.8615
"A",1007,"two","identical","1:2","normal","normal",1,0,0,30,60,0,2000,"perm",0,0.0445,0.0525,0.051,0.0525,0.893293463911568,0.0445,0.4225,0.9955
"A",1007,"two","identical","1:2","normal","normal",1,0,0,30,60,0,2000,"boot_stud",0,0.0475,0.0495,0.0515,0.0515,0.89571454255768,0.0475,0.422,0.9955
"A",1007,"two","identical","1:2","normal","normal",1,0,0,30,60,0,2000,"boot_bca",0,0.0595,0.0535,0.0545,0.0545,0.860183816137484,0.0595,0.4655,0.9965
"A",1007,"two","identical","1:2","normal","normal",1,0,0,30,60,0,2000,"ref",0,0.046,0.051,0.049,0.051,0.893108130539009,0.046,0.4205,0.996
"A",1008,"two","identical","balanced","lognormal","lognormal",1,0,0,8,8,0,2000,"perm",0,0.047,0.052,0.049,0.052,1.97916561444727,0.047,0.007,0.33
"A",1008,"two","identical","balanced","lognormal","lognormal",1,0,0,8,8,0,2000,"boot_stud",0,0.0545,0.0615,0.06,0.0615,2.24776451195131,0.0545,0.0075,0.285
"A",1008,"two","identical","balanced","lognormal","lognormal",1,0,0,8,8,0,2000,"boot_bca",0,0.122,0.09,0.0855,0.09,1.78232494559741,0.122,0.0185,0.4095
"A",1008,"two","identical","balanced","lognormal","lognormal",1,0,0,8,8,0,2000,"ref",0,0.0355,0.048,0.042,0.048,2.0915162553628,0.0355,0.007,0.3225
"A",1009,"two","identical","balanced","lognormal","lognormal",1,0,0,15,15,0,2000,"perm",0,0.0580000000000001,0.049,0.058,0.058,1.42591535643473,0.058,0.04,0.713
"A",1009,"two","identical","balanced","lognormal","lognormal",1,0,0,15,15,0,2000,"boot_stud",0,0.0649999999999999,0.055,0.065,0.065,1.51050098170279,0.065,0.0365,0.649
"A",1009,"two","identical","balanced","lognormal","lognormal",1,0,0,15,15,0,2000,"boot_bca",0,0.0895,0.071,0.084,0.084,1.36299001149511,0.0895,0.057,0.7115
"A",1009,"two","identical","balanced","lognormal","lognormal",1,0,0,15,15,0,2000,"ref",0,0.053,0.047,0.0555,0.0555,1.4608470265572,0.053,0.0365,0.7085
"A",1010,"two","identical","balanced","lognormal","lognormal",1,0,0,30,30,0,2000,"perm",0,0.045,0.0475,0.045,0.0475,1.00487979630284,0.045,0.291,0.967
"A",1010,"two","identical","balanced","lognormal","lognormal",1,0,0,30,30,0,2000,"boot_stud",0,0.053,0.0545,0.05,0.0545,1.0275470886413,0.053,0.268,0.9455
"A",1010,"two","identical","balanced","lognormal","lognormal",1,0,0,30,30,0,2000,"boot_bca",0,0.0679999999999999,0.059,0.0575,0.059,0.981529901299434,0.068,0.3125,0.953
"A",1010,"two","identical","balanced","lognormal","lognormal",1,0,0,30,30,0,2000,"ref",0,0.0415,0.047,0.0425,0.047,1.01504962880008,0.0415,0.2925,0.9645
"A",1011,"two","identical","balanced","lognormal","lognormal",1,0,0,50,50,0,2000,"perm",0,0.0485,0.051,0.0425,0.051,0.778437197252523,0.0485,0.602,0.9975
"A",1011,"two","identical","balanced","lognormal","lognormal",1,0,0,50,50,0,2000,"boot_stud",0,0.0625,0.0605,0.048,0.0605,0.787045183566002,0.0625,0.5755,0.994
"A",1011,"two","identical","balanced","lognormal","lognormal",1,0,0,50,50,0,2000,"boot_bca",0,0.0685,0.063,0.05,0.063,0.766147230981023,0.0685,0.596,0.995
"A",1011,"two","identical","balanced","lognormal","lognormal",1,0,0,50,50,0,2000,"ref",0,0.049,0.0535,0.0425,0.0535,0.781821263788871,0.049,0.6045,0.997
"A",1012,"two","identical","1:2","lognormal","lognormal",1,0,0,8,16,0,2000,"perm",0,0.0485,0.0485,0.0485,0.0485,1.75363036981544,0.0485,0.012,0.5145
"A",1012,"two","identical","1:2","lognormal","lognormal",1,0,0,8,16,0,2000,"boot_stud",0,0.0645,0.0795,0.042,0.0795,1.88770190934605,0.0645,0.01,0.4535
"A",1012,"two","identical","1:2","lognormal","lognormal",1,0,0,8,16,0,2000,"boot_bca",0,0.112,0.1035,0.076,0.1035,1.56419117393322,0.112,0.0265,0.5695
"A",1012,"two","identical","1:2","lognormal","lognormal",1,0,0,8,16,0,2000,"ref",0,0.049,0.0725,0.028,0.0725,1.78277323144689,0.049,0.0135,0.5065
"A",1013,"two","identical","1:2","lognormal","lognormal",1,0,0,15,30,0,2000,"perm",0,0.047,0.0445,0.0495,0.0495,1.25517089254933,0.047,0.1035,0.8445
"A",1013,"two","identical","1:2","lognormal","lognormal",1,0,0,15,30,0,2000,"boot_stud",0,0.0635,0.0585,0.05,0.0585,1.29079800014931,0.0635,0.098,0.8095
"A",1013,"two","identical","1:2","lognormal","lognormal",1,0,0,15,30,0,2000,"boot_bca",0,0.0825,0.0655,0.062,0.0655,1.1793173677258,0.0825,0.134,0.8465
"A",1013,"two","identical","1:2","lognormal","lognormal",1,0,0,15,30,0,2000,"ref",0,0.0485,0.0555,0.037,0.0555,1.2523452476271,0.0485,0.1015,0.847
"A",1014,"two","identical","1:2","lognormal","lognormal",1,0,0,30,60,0,2000,"perm",0,0.046,0.051,0.049,0.051,0.883366387128711,0.046,0.475,0.983
"A",1014,"two","identical","1:2","lognormal","lognormal",1,0,0,30,60,0,2000,"boot_stud",0,0.056,0.0665,0.051,0.0665,0.893695473063801,0.056,0.447,0.973
"A",1014,"two","identical","1:2","lognormal","lognormal",1,0,0,30,60,0,2000,"boot_bca",0,0.0679999999999999,0.0725,0.0595,0.0725,0.855482617738195,0.068,0.4935,0.9795
"A",1014,"two","identical","1:2","lognormal","lognormal",1,0,0,30,60,0,2000,"ref",0,0.0465,0.0655,0.0365,0.0655,0.879003735731723,0.0465,0.4655,0.988
"A",1015,"two","identical","balanced","exponential","exponential",1,0,0,8,8,0,2000,"perm",0,0.0435,0.0505,0.0425,0.0505,1.94156566017805,0.0435,0.022,0.373
"A",1015,"two","identical","balanced","exponential","exponential",1,0,0,8,8,0,2000,"boot_stud",0,0.048,0.0625,0.058,0.0625,2.2681557295718,0.048,0.0195,0.308
"A",1015,"two","identical","balanced","exponential","exponential",1,0,0,8,8,0,2000,"boot_bca",0,0.121,0.1,0.0905,0.1,1.77362524017904,0.121,0.0405,0.4335
"A",1015,"two","identical","balanced","exponential","exponential",1,0,0,8,8,0,2000,"ref",0,0.028,0.0415,0.0325,0.0415,2.07197769358562,0.028,0.02,0.362
"A",1016,"two","identical","balanced","exponential","exponential",1,0,0,15,15,0,2000,"perm",0,0.054,0.0495,0.047,0.0495,1.42933676640414,0.054,0.05,0.6865
"A",1016,"two","identical","balanced","exponential","exponential",1,0,0,15,15,0,2000,"boot_stud",0,0.073,0.069,0.06,0.069,1.52758714693766,0.073,0.044,0.6055
"A",1016,"two","identical","balanced","exponential","exponential",1,0,0,15,15,0,2000,"boot_bca",0,0.1015,0.0875,0.073,0.0875,1.3738091126498,0.1015,0.064,0.669
"A",1016,"two","identical","balanced","exponential","exponential",1,0,0,15,15,0,2000,"ref",0,0.046,0.0475,0.045,0.0475,1.46987598105218,0.046,0.049,0.6775
"A",1017,"two","identical","balanced","exponential","exponential",1,0,0,30,30,0,2000,"perm",0,0.052,0.0475,0.0495,0.0495,1.00597991555485,0.052,0.267,0.958
"A",1017,"two","identical","balanced","exponential","exponential",1,0,0,30,30,0,2000,"boot_stud",0,0.0675,0.0565,0.0585,0.0585,1.03152860001001,0.0675,0.245,0.931
"A",1017,"two","identical","balanced","exponential","exponential",1,0,0,30,30,0,2000,"boot_bca",0,0.0795,0.067,0.064,0.067,0.984759172760227,0.0795,0.286,0.943
"A",1017,"two","identical","balanced","exponential","exponential",1,0,0,30,30,0,2000,"ref",0,0.049,0.045,0.049,0.049,1.01690390790742,0.049,0.2665,0.957
"A",1018,"two","identical","balanced","exponential","exponential",1,0,0,50,50,0,2000,"perm",0,0.043,0.048,0.045,0.048,0.782564718422554,0.043,0.606,0.9985
"A",1018,"two","identical","balanced","exponential","exponential",1,0,0,50,50,0,2000,"boot_stud",0,0.0575,0.056,0.054,0.056,0.792964938553609,0.0575,0.58,0.996
"A",1018,"two","identical","balanced","exponential","exponential",1,0,0,50,50,0,2000,"boot_bca",0,0.0669999999999999,0.063,0.0565,0.063,0.771734780904256,0.067,0.5955,0.997
"A",1018,"two","identical","balanced","exponential","exponential",1,0,0,50,50,0,2000,"ref",0,0.0435,0.048,0.0445,0.048,0.787347576093844,0.0435,0.6105,0.9985
"A",1019,"two","identical","1:2","exponential","exponential",1,0,0,8,16,0,2000,"perm",0,0.044,0.0415,0.049,0.049,1.78713643031146,0.044,0.0255,0.4955
"A",1019,"two","identical","1:2","exponential","exponential",1,0,0,8,16,0,2000,"boot_stud",0,0.0675,0.0805,0.0385,0.0805,1.94298305230455,0.0675,0.0205,0.4365
"A",1019,"two","identical","1:2","exponential","exponential",1,0,0,8,16,0,2000,"boot_bca",0,0.11,0.0965,0.065,0.0965,1.58640579064254,0.11,0.039,0.5445
"A",1019,"two","identical","1:2","exponential","exponential",1,0,0,8,16,0,2000,"ref",0,0.046,0.0685,0.03,0.0685,1.80216625774984,0.046,0.021,0.5005
"A",1020,"two","identical","1:2","exponential","exponential",1,0,0,15,30,0,2000,"perm",0,0.0505,0.052,0.046,0.052,1.27514764070247,0.0505,0.103,0.816
"A",1020,"two","identical","1:2","exponential","exponential",1,0,0,15,30,0,2000,"boot_stud",0,0.0679999999999999,0.078,0.044,0.078,1.32043763465204,0.068,0.0955,0.7615
"A",1020,"two","identical","1:2","exponential","exponential",1,0,0,15,30,0,2000,"boot_bca",0,0.0875,0.084,0.0615,0.084,1.19470859518803,0.0875,0.1295,0.8165
"A",1020,"two","identical","1:2","exponential","exponential",1,0,0,15,30,0,2000,"ref",0,0.052,0.074,0.0235,0.074,1.26358867041615,0.052,0.1095,0.8355
"A",1021,"two","identical","1:2","exponential","exponential",1,0,0,30,60,0,2000,"perm",0,0.0405,0.0395,0.0535,0.0535,0.887367136703324,0.0405,0.4565,0.9795
"A",1021,"two","identical","1:2","exponential","exponential",1,0,0,30,60,0,2000,"boot_stud",0,0.0595,0.0565,0.052,0.0565,0.898650579975429,0.0595,0.437,0.968
"A",1021,"two","identical","1:2","exponential","exponential",1,0,0,30,60,0,2000,"boot_bca",0,0.0679999999999999,0.0625,0.0595,0.0625,0.857413694433473,0.068,0.471,0.9785
"A",1021,"two","identical","1:2","exponential","exponential",1,0,0,30,60,0,2000,"ref",0,0.0435,0.0545,0.039,0.0545,0.879222266934454,0.0435,0.4545,0.9865
"A",1022,"two","identical","balanced","t3","t3",1,0,0,8,8,0,2000,"perm",0,0.052,0.053,0.05,0.053,1.8126123862064,0.052,0.017,0.476
"A",1022,"two","identical","balanced","t3","t3",1,0,0,8,8,0,2000,"boot_stud",0,0.069,0.065,0.061,0.065,2.30613939421772,0.069,0.017,0.4085
"A",1022,"two","identical","balanced","t3","t3",1,0,0,8,8,0,2000,"boot_bca",0,0.1285,0.093,0.099,0.099,1.70080636293329,0.1285,0.0385,0.529
"A",1022,"two","identical","balanced","t3","t3",1,0,0,8,8,0,2000,"ref",0,0.0415,0.0505,0.0405,0.0505,1.97907398168845,0.0415,0.016,0.4565
"A",1023,"two","identical","balanced","t3","t3",1,0,0,15,15,0,2000,"perm",0,0.0505,0.046,0.0515,0.0515,1.34157437930309,0.0505,0.0945,0.767
"A",1023,"two","identical","balanced","t3","t3",1,0,0,15,15,0,2000,"boot_stud",0,0.0705,0.0595,0.066,0.066,1.50299274887102,0.0705,0.083,0.6935
"A",1023,"two","identical","balanced","t3","t3",1,0,0,15,15,0,2000,"boot_bca",0,0.102,0.075,0.083,0.083,1.32182254910697,0.102,0.1215,0.745
"A",1023,"two","identical","balanced","t3","t3",1,0,0,15,15,0,2000,"ref",0,0.04,0.044,0.0485,0.0485,1.40112352240988,0.04,0.0865,0.7595
"A",1024,"two","identical","balanced","t3","t3",1,0,0,30,30,0,2000,"perm",0,0.0435,0.046,0.0475,0.0475,0.958609854470903,0.0435,0.367,0.9555
"A",1024,"two","identical","balanced","t3","t3",1,0,0,30,30,0,2000,"boot_stud",0,0.0625,0.06,0.06,0.06,1.02368023305493,0.0625,0.3365,0.917
"A",1024,"two","identical","balanced","t3","t3",1,0,0,30,30,0,2000,"boot_bca",0,0.081,0.069,0.0675,0.069,0.967325271902533,0.081,0.378,0.928
"A",1024,"two","identical","balanced","t3","t3",1,0,0,30,30,0,2000,"ref",0,0.0405,0.045,0.0475,0.0475,0.984248712017261,0.0405,0.366,0.9525
"A",1025,"two","identical","balanced","t3","t3",1,0,0,50,50,0,2000,"perm",0,0.0455,0.0415,0.0495,0.0495,0.743165676013084,0.0455,0.675,0.9905
"A",1025,"two","identical","balanced","t3","t3",1,0,0,50,50,0,2000,"boot_stud",0,0.0615,0.053,0.065,0.065,0.783054851409903,0.0615,0.637,0.971
"A",1025,"two","identical","balanced","t3","t3",1,0,0,50,50,0,2000,"boot_bca",0,0.07,0.0575,0.0695,0.0695,0.754140320869775,0.07,0.655,0.975
"A",1025,"two","identical","balanced","t3","t3",1,0,0,50,50,0,2000,"ref",0,0.0425,0.042,0.0485,0.0485,0.757726963266028,0.0425,0.675,0.989
"A",1026,"two","identical","1:2","t3","t3",1,0,0,8,16,0,2000,"perm",0,0.053,0.052,0.0565,0.0565,1.57291785907187,0.053,0.0375,0.63
"A",1026,"two","identical","1:2","t3","t3",1,0,0,8,16,0,2000,"boot_stud",0,0.074,0.0635,0.0695,0.0695,1.90554175738357,0.074,0.029,0.55
"A",1026,"two","identical","1:2","t3","t3",1,0,0,8,16,0,2000,"boot_bca",0,0.1215,0.0855,0.0925,0.0925,1.48383135870765,0.1215,0.0665,0.643
"A",1026,"two","identical","1:2","t3","t3",1,0,0,8,16,0,2000,"ref",0,0.0475,0.0445,0.0495,0.0495,1.67794741915616,0.0475,0.034,0.608
"A",1027,"two","identical","1:2","t3","t3",1,0,0,15,30,0,2000,"perm",0,0.0535,0.051,0.049,0.051,1.16631299291771,0.0535,0.175,0.8615
"A",1027,"two","identical","1:2","t3","t3",1,0,0,15,30,0,2000,"boot_stud",0,0.073,0.0695,0.0635,0.0695,1.31432614035937,0.073,0.156,0.7925
"A",1027,"two","identical","1:2","t3","t3",1,0,0,15,30,0,2000,"boot_bca",0,0.1,0.086,0.0755,0.086,1.16537058553307,0.1,0.2035,0.8275
"A",1027,"two","identical","1:2","t3","t3",1,0,0,15,30,0,2000,"ref",0,0.049,0.0495,0.045,0.0495,1.21639749232308,0.049,0.176,0.854
"A",1028,"two","identical","1:2","t3","t3",1,0,0,30,60,0,2000,"perm",0,0.0455,0.053,0.051,0.053,0.827552250147947,0.0455,0.5355,0.9775
"A",1028,"two","identical","1:2","t3","t3",1,0,0,30,60,0,2000,"boot_stud",0,0.071,0.0645,0.0625,0.0645,0.877178795274734,0.071,0.496,0.9485
"A",1028,"two","identical","1:2","t3","t3",1,0,0,30,60,0,2000,"boot_bca",0,0.0885,0.072,0.0725,0.0725,0.835288910022891,0.0885,0.5285,0.959
"A",1028,"two","identical","1:2","t3","t3",1,0,0,30,60,0,2000,"ref",0,0.0405,0.0505,0.05,0.0505,0.846714653601282,0.0405,0.5375,0.978
"A",1029,"two","identical","balanced","contaminated","contaminated",1,0,0,8,8,0,2000,"perm",0,0.053,0.055,0.0495,0.055,1.77050048168595,0.053,0.0365,0.5
"A",1029,"two","identical","balanced","contaminated","contaminated",1,0,0,8,8,0,2000,"boot_stud",0,0.075,0.077,0.0705,0.077,2.31139082813782,0.075,0.0345,0.412
"A",1029,"two","identical","balanced","contaminated","contaminated",1,0,0,8,8,0,2000,"boot_bca",0,0.15,0.1045,0.1055,0.1055,1.74202825565471,0.15,0.0755,0.4965
"A",1029,"two","identical","balanced","contaminated","contaminated",1,0,0,8,8,0,2000,"ref",0,0.0385,0.044,0.041,0.044,2.00752058597697,0.0385,0.038,0.4835
"A",1030,"two","identical","balanced","contaminated","contaminated",1,0,0,15,15,0,2000,"perm",0,0.0485,0.0535,0.0525,0.0535,1.3524963442394,0.0485,0.136,0.678
"A",1030,"two","identical","balanced","contaminated","contaminated",1,0,0,15,15,0,2000,"boot_stud",0,0.0885,0.0895,0.076,0.0895,1.57233963097411,0.0885,0.1205,0.551
"A",1030,"two","identical","balanced","contaminated","contaminated",1,0,0,15,15,0,2000,"boot_bca",0,0.14,0.112,0.0995,0.112,1.3769476004382,0.14,0.1555,0.6085
"A",1030,"two","identical","balanced","contaminated","contaminated",1,0,0,15,15,0,2000,"ref",0,0.0365,0.048,0.048,0.048,1.44301504103808,0.0365,0.133,0.66
"A",1031,"two","identical","balanced","contaminated","contaminated",1,0,0,30,30,0,2000,"perm",0,0.0445,0.0445,0.0455,0.0455,0.983670020642603,0.0445,0.3315,0.934
"A",1031,"two","identical","balanced","contaminated","contaminated",1,0,0,30,30,0,2000,"boot_stud",0,0.0785,0.0695,0.0685,0.0695,1.05046943139743,0.0785,0.278,0.8625
"A",1031,"two","identical","balanced","contaminated","contaminated",1,0,0,30,30,0,2000,"boot_bca",0,0.104,0.0825,0.0785,0.0825,0.99323872192599,0.104,0.3065,0.894
"A",1031,"two","identical","balanced","contaminated","contaminated",1,0,0,30,30,0,2000,"ref",0,0.04,0.046,0.0465,0.0465,1.01075374442704,0.04,0.328,0.9345
"A",1032,"two","identical","balanced","contaminated","contaminated",1,0,0,50,50,0,2000,"perm",0,0.0610000000000001,0.054,0.0525,0.054,0.772210813905017,0.061,0.5875,0.9925
"A",1032,"two","identical","balanced","contaminated","contaminated",1,0,0,50,50,0,2000,"boot_stud",0,0.089,0.0735,0.0645,0.0735,0.797169817170047,0.089,0.52,0.984
"A",1032,"two","identical","balanced","contaminated","contaminated",1,0,0,50,50,0,2000,"boot_bca",0,0.098,0.081,0.071,0.081,0.77334499302924,0.098,0.5475,0.987
"A",1032,"two","identical","balanced","contaminated","contaminated",1,0,0,50,50,0,2000,"ref",0,0.0575,0.0525,0.0505,0.0525,0.782281482702959,0.0575,0.5885,0.992
"A",1033,"two","identical","1:2","contaminated","contaminated",1,0,0,8,16,0,2000,"perm",0,0.0585,0.0485,0.055,0.055,1.52864025028773,0.0585,0.086,0.6375
"A",1033,"two","identical","1:2","contaminated","contaminated",1,0,0,8,16,0,2000,"boot_stud",0,0.0825,0.07,0.078,0.078,1.88166269840927,0.0825,0.0665,0.516
"A",1033,"two","identical","1:2","contaminated","contaminated",1,0,0,8,16,0,2000,"boot_bca",0,0.1375,0.0975,0.104,0.104,1.51088470991848,0.1375,0.118,0.589
"A",1033,"two","identical","1:2","contaminated","contaminated",1,0,0,8,16,0,2000,"ref",0,0.047,0.0415,0.05,0.05,1.68326739286946,0.047,0.08,0.596
"A",1034,"two","identical","1:2","contaminated","contaminated",1,0,0,15,30,0,2000,"perm",0,0.0465,0.055,0.046,0.055,1.18467260142568,0.0465,0.205,0.7985
"A",1034,"two","identical","1:2","contaminated","contaminated",1,0,0,15,30,0,2000,"boot_stud",0,0.0845,0.074,0.079,0.079,1.34637871213547,0.0845,0.169,0.6825
"A",1034,"two","identical","1:2","contaminated","contaminated",1,0,0,15,30,0,2000,"boot_bca",0,0.1265,0.0885,0.0975,0.0975,1.2093568535607,0.1265,0.199,0.74
"A",1034,"two","identical","1:2","contaminated","contaminated",1,0,0,15,30,0,2000,"ref",0,0.037,0.047,0.0395,0.047,1.25111340680304,0.037,0.19,0.7975
"A",1035,"two","identical","1:2","contaminated","contaminated",1,0,0,30,60,0,2000,"perm",0,0.054,0.0515,0.051,0.0515,0.848682719953874,0.054,0.487,0.974
"A",1035,"two","identical","1:2","contaminated","contaminated",1,0,0,30,60,0,2000,"boot_stud",0,0.0855,0.075,0.0695,0.075,0.897593393873679,0.0855,0.407,0.9315
"A",1035,"two","identical","1:2","contaminated","contaminated",1,0,0,30,60,0,2000,"boot_bca",0,0.103,0.0825,0.077,0.0825,0.857903553390857,0.103,0.4435,0.953
"A",1035,"two","identical","1:2","contaminated","contaminated",1,0,0,30,60,0,2000,"ref",0,0.049,0.053,0.0435,0.053,0.869650414851129,0.049,0.483,0.9765
"A",1036,"two","unequal SD","balanced","normal","normal",2,0,0,8,8,0,2000,"perm",0,0.0555,0.051,0.0545,0.0545,3.30260371704107,0.0555,0,0.012
"A",1036,"two","unequal SD","balanced","normal","normal",2,0,0,8,8,0,2000,"boot_stud",0,0.0495,0.052,0.0505,0.052,3.63883042043298,0.0495,0,0.0085
"A",1036,"two","unequal SD","balanced","normal","normal",2,0,0,8,8,0,2000,"boot_bca",0,0.1025,0.0845,0.0735,0.0845,2.86019476479415,0.1025,0,0.0335
"A",1036,"two","unequal SD","balanced","normal","normal",2,0,0,8,8,0,2000,"ref",0,0.0515,0.049,0.0495,0.0495,3.45933402148303,0.0515,0,0.0105
"A",1037,"two","unequal SD","balanced","normal","normal",2,0,0,15,15,0,2000,"perm",0,0.055,0.047,0.0635,0.0635,2.33324380360685,0.055,0,0.1055
"A",1037,"two","unequal SD","balanced","normal","normal",2,0,0,15,15,0,2000,"boot_stud",0,0.0485,0.0435,0.0585,0.0585,2.41531158983908,0.0485,0,0.091
"A",1037,"two","unequal SD","balanced","normal","normal",2,0,0,15,15,0,2000,"boot_bca",0,0.0715,0.0585,0.0705,0.0705,2.16516093720023,0.0715,0,0.152
"A",1037,"two","unequal SD","balanced","normal","normal",2,0,0,15,15,0,2000,"ref",0,0.0505,0.0435,0.061,0.061,2.38038226389499,0.0505,0,0.0935
"A",1038,"two","unequal SD","balanced","normal","normal",2,0,0,30,30,0,2000,"perm",0,0.0610000000000001,0.05,0.0585,0.0585,1.62300233421881,0.061,0,0.554
"A",1038,"two","unequal SD","balanced","normal","normal",2,0,0,30,30,0,2000,"boot_stud",0,0.0605,0.0495,0.0605,0.0605,1.64346113566123,0.0605,0,0.549
"A",1038,"two","unequal SD","balanced","normal","normal",2,0,0,30,30,0,2000,"boot_bca",0,0.0755,0.0545,0.0705,0.0705,1.56064250789423,0.0755,0,0.5815
"A",1038,"two","unequal SD","balanced","normal","normal",2,0,0,30,30,0,2000,"ref",0,0.0580000000000001,0.0495,0.058,0.058,1.63732162943649,0.058,0,0.5455
"A",1039,"two","unequal SD","balanced","normal","normal",2,0,0,50,50,0,2000,"perm",0,0.0465,0.0475,0.0425,0.0475,1.25226535085766,0.0465,0.0235,0.8765
"A",1039,"two","unequal SD","balanced","normal","normal",2,0,0,50,50,0,2000,"boot_stud",0,0.0425,0.047,0.0425,0.047,1.26211749641329,0.0425,0.0205,0.8675
"A",1039,"two","unequal SD","balanced","normal","normal",2,0,0,50,50,0,2000,"boot_bca",0,0.051,0.052,0.046,0.052,1.22212222600415,0.051,0.033,0.8825
"A",1039,"two","unequal SD","balanced","normal","normal",2,0,0,50,50,0,2000,"ref",0,0.045,0.0455,0.0425,0.0455,1.25828343561252,0.045,0.022,0.872
"A",1040,"two","unequal SD","x smaller (1:2)","normal","normal",2,0,0,8,16,0,2000,"perm",0,0.0685,0.0665,0.061,0.0665,3.06717164650689,0.0685,0,0.0195
"A",1040,"two","unequal SD","x smaller (1:2)","normal","normal",2,0,0,8,16,0,2000,"boot_stud",0,0.0580000000000001,0.0515,0.045,0.0515,3.51993276040118,0.058,0,0.0145
"A",1040,"two","unequal SD","x smaller (1:2)","normal","normal",2,0,0,8,16,0,2000,"boot_bca",0,0.0995,0.0805,0.073,0.0805,2.71531119833829,0.0995,0,0.047
"A",1040,"two","unequal SD","x smaller (1:2)","normal","normal",2,0,0,8,16,0,2000,"ref",0,0.0605,0.0535,0.049,0.0535,3.31751007587572,0.0605,0,0.019
"A",1041,"two","unequal SD","x smaller (1:2)","normal","normal",2,0,0,15,30,0,2000,"perm",0,0.0635,0.0625,0.07,0.07,2.19539708804924,0.0635,0,0.1515
"A",1041,"two","unequal SD","x smaller (1:2)","normal","normal",2,0,0,15,30,0,2000,"boot_stud",0,0.0615,0.054,0.057,0.057,2.31406746888829,0.0615,0,0.128
"A",1041,"two","unequal SD","x smaller (1:2)","normal","normal",2,0,0,15,30,0,2000,"boot_bca",0,0.089,0.069,0.0735,0.0735,2.0534056727665,0.089,0,0.2015
"A",1041,"two","unequal SD","x smaller (1:2)","normal","normal",2,0,0,15,30,0,2000,"ref",0,0.056,0.0495,0.06,0.06,2.27089301526799,0.056,0,0.137
"A",1042,"two","unequal SD","x smaller (1:2)","normal","normal",2,0,0,30,60,0,2000,"perm",0,0.0525,0.0535,0.0515,0.0535,1.54175550768902,0.0525,0.0025,0.621
"A",1042,"two","unequal SD","x smaller (1:2)","normal","normal",2,0,0,30,60,0,2000,"boot_stud",0,0.0495,0.0475,0.0465,0.0475,1.5754282690964,0.0495,0.0015,0.617
"A",1042,"two","unequal SD","x smaller (1:2)","normal","normal",2,0,0,30,60,0,2000,"boot_bca",0,0.0655,0.053,0.053,0.053,1.48881703807804,0.0655,0.003,0.649
"A",1042,"two","unequal SD","x smaller (1:2)","normal","normal",2,0,0,30,60,0,2000,"ref",0,0.0515,0.05,0.047,0.05,1.56511230958985,0.0515,0.0015,0.614
"A",1043,"two","unequal SD","x larger (2:1)","normal","normal",2,0,0,16,8,0,2000,"perm",0,0.0455,0.05,0.0405,0.05,2.56761634922851,0.0455,0,0.053
"A",1043,"two","unequal SD","x larger (2:1)","normal","normal",2,0,0,16,8,0,2000,"boot_stud",0,0.05,0.0555,0.046,0.0555,2.56321344015186,0.05,0,0.053
"A",1043,"two","unequal SD","x larger (2:1)","normal","normal",2,0,0,16,8,0,2000,"boot_bca",0,0.076,0.0735,0.064,0.0735,2.27705846266974,0.076,0,0.1075
"A",1043,"two","unequal SD","x larger (2:1)","normal","normal",2,0,0,16,8,0,2000,"ref",0,0.049,0.057,0.045,0.057,2.52762749823402,0.049,0,0.055
"A",1044,"two","unequal SD","x larger (2:1)","normal","normal",2,0,0,30,15,0,2000,"perm",0,0.0475,0.046,0.047,0.047,1.81897502794387,0.0475,0,0.427
"A",1044,"two","unequal SD","x larger (2:1)","normal","normal",2,0,0,30,15,0,2000,"boot_stud",0,0.05,0.05,0.05,0.05,1.80817319500057,0.05,0,0.4345
"A",1044,"two","unequal SD","x larger (2:1)","normal","normal",2,0,0,30,15,0,2000,"boot_bca",0,0.0639999999999999,0.0585,0.0575,0.0585,1.7051154597997,0.064,0,0.49
"A",1044,"two","unequal SD","x larger (2:1)","normal","normal",2,0,0,30,15,0,2000,"ref",0,0.0525,0.0505,0.0505,0.0505,1.80030088486206,0.0525,0,0.4355
"A",1045,"two","unequal SD","x larger (2:1)","normal","normal",2,0,0,60,30,0,2000,"perm",0,0.05,0.0525,0.049,0.0525,1.26000568398197,0.05,0.017,0.856
"A",1045,"two","unequal SD","x larger (2:1)","normal","normal",2,0,0,60,30,0,2000,"boot_stud",0,0.0495,0.0535,0.052,0.0535,1.25503336884091,0.0495,0.022,0.857
"A",1045,"two","unequal SD","x larger (2:1)","normal","normal",2,0,0,60,30,0,2000,"boot_bca",0,0.0610000000000001,0.062,0.056,0.062,1.21762115962996,0.061,0.037,0.8645
"A",1045,"two","unequal SD","x larger (2:1)","normal","normal",2,0,0,60,30,0,2000,"ref",0,0.0495,0.055,0.0505,0.055,1.25177843163726,0.0495,0.0205,0.8575
"A",1046,"two","unequal SD","balanced","lognormal","lognormal",2,0,0,8,8,0,2000,"perm",0,0.081,0.097,0.03,0.097,3.05305115878458,0.081,0,0.0485
"A",1046,"two","unequal SD","balanced","lognormal","lognormal",2,0,0,8,8,0,2000,"boot_stud",0,0.084,0.0905,0.038,0.0905,3.72006286874597,0.084,0,0.033
"A",1046,"two","unequal SD","balanced","lognormal","lognormal",2,0,0,8,8,0,2000,"boot_bca",0,0.133,0.1185,0.072,0.1185,2.79672233654742,0.133,0,0.0765
"A",1046,"two","unequal SD","balanced","lognormal","lognormal",2,0,0,8,8,0,2000,"ref",0,0.0725,0.0925,0.0225,0.0925,3.32150691154566,0.0725,0,0.0405
"A",1047,"two","unequal SD","balanced","lognormal","lognormal",2,0,0,15,15,0,2000,"perm",0,0.0595,0.0835,0.0335,0.0835,2.24099207868801,0.0595,0,0.1685
"A",1047,"two","unequal SD","balanced","lognormal","lognormal",2,0,0,15,15,0,2000,"boot_stud",0,0.0649999999999999,0.078,0.05,0.078,2.49452321533875,0.065,0,0.1435
"A",1047,"two","unequal SD","balanced","lognormal","lognormal",2,0,0,15,15,0,2000,"boot_bca",0,0.102,0.094,0.0695,0.094,2.17208271335826,0.102,0.001,0.21
"A",1047,"two","unequal SD","balanced","lognormal","lognormal",2,0,0,15,15,0,2000,"ref",0,0.0545,0.0815,0.0315,0.0815,2.33868247978913,0.0545,0,0.16
"A",1048,"two","unequal SD","balanced","lognormal","lognormal",2,0,0,30,30,0,2000,"perm",0,0.0605,0.072,0.038,0.072,1.58493528108694,0.0605,0.003,0.5805
"A",1048,"two","unequal SD","balanced","lognormal","lognormal",2,0,0,30,30,0,2000,"boot_stud",0,0.0635,0.069,0.05,0.069,1.67207607074149,0.0635,0.0015,0.5345
"A",1048,"two","unequal SD","balanced","lognormal","lognormal",2,0,0,30,30,0,2000,"boot_bca",0,0.077,0.0715,0.06,0.0715,1.56788615622359,0.077,0.002,0.576
"A",1048,"two","unequal SD","balanced","lognormal","lognormal",2,0,0,30,30,0,2000,"ref",0,0.0570000000000001,0.074,0.0335,0.074,1.61769807025566,0.057,0.001,0.569
"A",1049,"two","unequal SD","balanced","lognormal","lognormal",2,0,0,50,50,0,2000,"perm",0,0.056,0.063,0.044,0.063,1.24045723786922,0.056,0.042,0.854
"A",1049,"two","unequal SD","balanced","lognormal","lognormal",2,0,0,50,50,0,2000,"boot_stud",0,0.0615,0.059,0.058,0.059,1.28281337436452,0.0615,0.0405,0.814
"A",1049,"two","unequal SD","balanced","lognormal","lognormal",2,0,0,50,50,0,2000,"boot_bca",0,0.0705,0.0625,0.066,0.066,1.23316336120664,0.0705,0.056,0.828
"A",1049,"two","unequal SD","balanced","lognormal","lognormal",2,0,0,50,50,0,2000,"ref",0,0.054,0.061,0.045,0.061,1.25430062851293,0.054,0.0405,0.8545
"A",1050,"two","unequal SD","x smaller (1:2)","lognormal","lognormal",2,0,0,8,16,0,2000,"perm",0,0.075,0.092,0.0435,0.092,2.912702526694,0.075,0,0.058
"A",1050,"two","unequal SD","x smaller (1:2)","lognormal","lognormal",2,0,0,8,16,0,2000,"boot_stud",0,0.0675,0.0835,0.027,0.0835,3.62636628740342,0.0675,0,0.0485
"A",1050,"two","unequal SD","x smaller (1:2)","lognormal","lognormal",2,0,0,8,16,0,2000,"boot_bca",0,0.112,0.1125,0.0555,0.1125,2.66365302506888,0.112,0,0.09
"A",1050,"two","unequal SD","x smaller (1:2)","lognormal","lognormal",2,0,0,8,16,0,2000,"ref",0,0.0695,0.092,0.0195,0.092,3.17773039503764,0.0695,0,0.051
"A",1051,"two","unequal SD","x smaller (1:2)","lognormal","lognormal",2,0,0,15,30,0,2000,"perm",0,0.0735,0.0875,0.0445,0.0875,2.13390022376466,0.0735,0,0.234
"A",1051,"two","unequal SD","x smaller (1:2)","lognormal","lognormal",2,0,0,15,30,0,2000,"boot_stud",0,0.0635,0.0795,0.0425,0.0795,2.3933694588825,0.0635,0,0.2085
"A",1051,"two","unequal SD","x smaller (1:2)","lognormal","lognormal",2,0,0,15,30,0,2000,"boot_bca",0,0.0965,0.096,0.057,0.096,2.04776096099726,0.0965,5e-04,0.295
"A",1051,"two","unequal SD","x smaller (1:2)","lognormal","lognormal",2,0,0,15,30,0,2000,"ref",0,0.07,0.0965,0.025,0.0965,2.20569893870407,0.07,0,0.211
"A",1052,"two","unequal SD","x smaller (1:2)","lognormal","lognormal",2,0,0,30,60,0,2000,"perm",0,0.0585,0.071,0.042,0.071,1.51075325543939,0.0585,0.0075,0.6675
"A",1052,"two","unequal SD","x smaller (1:2)","lognormal","lognormal",2,0,0,30,60,0,2000,"boot_stud",0,0.0565,0.067,0.043,0.067,1.59886087580924,0.0565,0.0065,0.631
"A",1052,"two","unequal SD","x smaller (1:2)","lognormal","lognormal",2,0,0,30,60,0,2000,"boot_bca",0,0.071,0.074,0.0495,0.074,1.48368935331795,0.071,0.01,0.6785
"A",1052,"two","unequal SD","x smaller (1:2)","lognormal","lognormal",2,0,0,30,60,0,2000,"ref",0,0.0570000000000001,0.078,0.0265,0.078,1.52849932037522,0.057,0.0055,0.675
"A",1053,"two","unequal SD","x larger (2:1)","lognormal","lognormal",2,0,0,16,8,0,2000,"perm",0,0.0385,0.0665,0.0155,0.0665,2.50329314460745,0.0385,0,0.1115
"A",1053,"two","unequal SD","x larger (2:1)","lognormal","lognormal",2,0,0,16,8,0,2000,"boot_stud",0,0.0565,0.053,0.0575,0.0575,2.62947594864992,0.0565,0,0.1265
"A",1053,"two","unequal SD","x larger (2:1)","lognormal","lognormal",2,0,0,16,8,0,2000,"boot_bca",0,0.0855,0.0755,0.075,0.0755,2.28721966092541,0.0855,0,0.184
"A",1053,"two","unequal SD","x larger (2:1)","lognormal","lognormal",2,0,0,16,8,0,2000,"ref",0,0.039,0.056,0.0345,0.056,2.50295798373788,0.039,0,0.131
"A",1054,"two","unequal SD","x larger (2:1)","lognormal","lognormal",2,0,0,30,15,0,2000,"perm",0,0.0365,0.0645,0.0215,0.0645,1.80648560478456,0.0365,0.001,0.451
"A",1054,"two","unequal SD","x larger (2:1)","lognormal","lognormal",2,0,0,30,15,0,2000,"boot_stud",0,0.0555,0.0565,0.056,0.0565,1.83290265622543,0.0555,5e-04,0.424
"A",1054,"two","unequal SD","x larger (2:1)","lognormal","lognormal",2,0,0,30,15,0,2000,"boot_bca",0,0.0735,0.0665,0.066,0.0665,1.71357478719316,0.0735,0.0015,0.484
"A",1054,"two","unequal SD","x larger (2:1)","lognormal","lognormal",2,0,0,30,15,0,2000,"ref",0,0.041,0.053,0.037,0.053,1.78880472844224,0.041,0.001,0.4545
"A",1055,"two","unequal SD","x larger (2:1)","lognormal","lognormal",2,0,0,60,30,0,2000,"perm",0,0.0495,0.0555,0.03,0.0555,1.2555052145157,0.0495,0.0485,0.867
"A",1055,"two","unequal SD","x larger (2:1)","lognormal","lognormal",2,0,0,60,30,0,2000,"boot_stud",0,0.0610000000000001,0.0525,0.051,0.0525,1.25881287773721,0.061,0.0555,0.834
"A",1055,"two","unequal SD","x larger (2:1)","lognormal","lognormal",2,0,0,60,30,0,2000,"boot_bca",0,0.0669999999999999,0.058,0.0545,0.058,1.21925980701135,0.067,0.0685,0.85
"A",1055,"two","unequal SD","x larger (2:1)","lognormal","lognormal",2,0,0,60,30,0,2000,"ref",0,0.05,0.0495,0.043,0.0495,1.24423640266922,0.05,0.058,0.865
"A",1056,"two","unequal SD","balanced","exponential","exponential",2,0,0,8,8,0,2000,"perm",0,0.0805,0.11,0.026,0.11,3.00549954109911,0.0805,5e-04,0.047
"A",1056,"two","unequal SD","balanced","exponential","exponential",2,0,0,8,8,0,2000,"boot_stud",0,0.084,0.107,0.0305,0.107,3.90616875816629,0.084,5e-04,0.04
"A",1056,"two","unequal SD","balanced","exponential","exponential",2,0,0,8,8,0,2000,"boot_bca",0,0.1415,0.141,0.0645,0.141,2.80567490351009,0.1415,0.001,0.092
"A",1056,"two","unequal SD","balanced","exponential","exponential",2,0,0,8,8,0,2000,"ref",0,0.0705,0.1065,0.02,0.1065,3.31452085533793,0.0705,5e-04,0.0425
"A",1057,"two","unequal SD","balanced","exponential","exponential",2,0,0,15,15,0,2000,"perm",0,0.0675,0.088,0.0305,0.088,2.21932006461275,0.0675,5e-04,0.1745
"A",1057,"two","unequal SD","balanced","exponential","exponential",2,0,0,15,15,0,2000,"boot_stud",0,0.075,0.078,0.049,0.078,2.52778058089932,0.075,5e-04,0.151
"A",1057,"two","unequal SD","balanced","exponential","exponential",2,0,0,15,15,0,2000,"boot_bca",0,0.103,0.094,0.0715,0.094,2.17313941830523,0.103,5e-04,0.221
"A",1057,"two","unequal SD","balanced","exponential","exponential",2,0,0,15,15,0,2000,"ref",0,0.0629999999999999,0.0855,0.0245,0.0855,2.3246445315739,0.063,5e-04,0.1575
"A",1058,"two","unequal SD","balanced","exponential","exponential",2,0,0,30,30,0,2000,"perm",0,0.0620000000000001,0.0775,0.033,0.0775,1.58982581975299,0.062,0.0045,0.5685
"A",1058,"two","unequal SD","balanced","exponential","exponential",2,0,0,30,30,0,2000,"boot_stud",0,0.0669999999999999,0.068,0.051,0.068,1.69723901674667,0.067,0.006,0.519
"A",1058,"two","unequal SD","balanced","exponential","exponential",2,0,0,30,30,0,2000,"boot_bca",0,0.083,0.0755,0.062,0.0755,1.57801246328678,0.083,0.0075,0.57
"A",1058,"two","unequal SD","balanced","exponential","exponential",2,0,0,30,30,0,2000,"ref",0,0.0575,0.0775,0.031,0.0775,1.62225307031374,0.0575,0.004,0.567
"A",1059,"two","unequal SD","balanced","exponential","exponential",2,0,0,50,50,0,2000,"perm",0,0.0535,0.066,0.035,0.066,1.23655991926598,0.0535,0.041,0.865
"A",1059,"two","unequal SD","balanced","exponential","exponential",2,0,0,50,50,0,2000,"boot_stud",0,0.0590000000000001,0.0555,0.046,0.0555,1.28740259321141,0.059,0.0465,0.8245
"A",1059,"two","unequal SD","balanced","exponential","exponential",2,0,0,50,50,0,2000,"boot_bca",0,0.0685,0.056,0.0515,0.056,1.23258850513267,0.0685,0.063,0.8435
"A",1059,"two","unequal SD","balanced","exponential","exponential",2,0,0,50,50,0,2000,"ref",0,0.053,0.0635,0.034,0.0635,1.25337714569025,0.053,0.044,0.8595
"A",1060,"two","unequal SD","x smaller (1:2)","exponential","exponential",2,0,0,8,16,0,2000,"perm",0,0.0875,0.0985,0.0335,0.0985,2.8961718778446,0.0875,5e-04,0.062
"A",1060,"two","unequal SD","x smaller (1:2)","exponential","exponential",2,0,0,8,16,0,2000,"boot_stud",0,0.082,0.099,0.025,0.099,3.76432453243799,0.082,5e-04,0.0445
"A",1060,"two","unequal SD","x smaller (1:2)","exponential","exponential",2,0,0,8,16,0,2000,"boot_bca",0,0.1205,0.125,0.054,0.125,2.66173693241443,0.1205,5e-04,0.11
"A",1060,"two","unequal SD","x smaller (1:2)","exponential","exponential",2,0,0,8,16,0,2000,"ref",0,0.0825,0.113,0.013,0.113,3.1407904776411,0.0825,5e-04,0.047
"A",1061,"two","unequal SD","x smaller (1:2)","exponential","exponential",2,0,0,15,30,0,2000,"perm",0,0.078,0.093,0.0495,0.093,2.13491467150598,0.078,0,0.2585
"A",1061,"two","unequal SD","x smaller (1:2)","exponential","exponential",2,0,0,15,30,0,2000,"boot_stud",0,0.0659999999999999,0.0805,0.0435,0.0805,2.48574275184631,0.066,0,0.224
"A",1061,"two","unequal SD","x smaller (1:2)","exponential","exponential",2,0,0,15,30,0,2000,"boot_bca",0,0.0975,0.0975,0.0625,0.0975,2.06690340894416,0.0975,5e-04,0.3055
"A",1061,"two","unequal SD","x smaller (1:2)","exponential","exponential",2,0,0,15,30,0,2000,"ref",0,0.0785,0.1025,0.025,0.1025,2.19948859062341,0.0785,0,0.231
"A",1062,"two","unequal SD","x smaller (1:2)","exponential","exponential",2,0,0,30,60,0,2000,"perm",0,0.0679999999999999,0.0745,0.039,0.0745,1.52843410112897,0.068,0.0105,0.6415
"A",1062,"two","unequal SD","x smaller (1:2)","exponential","exponential",2,0,0,30,60,0,2000,"boot_stud",0,0.0580000000000001,0.0655,0.037,0.0655,1.64616415092226,0.058,0.01,0.582
"A",1062,"two","unequal SD","x smaller (1:2)","exponential","exponential",2,0,0,30,60,0,2000,"boot_bca",0,0.0725,0.0715,0.0485,0.0715,1.50276258362086,0.0725,0.016,0.65
"A",1062,"two","unequal SD","x smaller (1:2)","exponential","exponential",2,0,0,30,60,0,2000,"ref",0,0.07,0.0855,0.0205,0.0855,1.53563968737471,0.07,0.006,0.6585
"A",1063,"two","unequal SD","x larger (2:1)","exponential","exponential",2,0,0,16,8,0,2000,"perm",0,0.043,0.0775,0.0165,0.0775,2.49224295250304,0.043,0,0.142
"A",1063,"two","unequal SD","x larger (2:1)","exponential","exponential",2,0,0,16,8,0,2000,"boot_stud",0,0.0635,0.07,0.055,0.07,2.63999766346338,0.0635,0,0.135
"A",1063,"two","unequal SD","x larger (2:1)","exponential","exponential",2,0,0,16,8,0,2000,"boot_bca",0,0.105,0.092,0.0755,0.092,2.26338312025743,0.105,5e-04,0.1955
"A",1063,"two","unequal SD","x larger (2:1)","exponential","exponential",2,0,0,16,8,0,2000,"ref",0,0.046,0.062,0.031,0.062,2.47297459563354,0.046,0,0.1585
"A",1064,"two","unequal SD","x larger (2:1)","exponential","exponential",2,0,0,30,15,0,2000,"perm",0,0.0535,0.0795,0.0225,0.0795,1.80772786924388,0.0535,0.002,0.4435
"A",1064,"two","unequal SD","x larger (2:1)","exponential","exponential",2,0,0,30,15,0,2000,"boot_stud",0,0.072,0.0705,0.06,0.0705,1.82619661589771,0.072,0.0035,0.4125
"A",1064,"two","unequal SD","x larger (2:1)","exponential","exponential",2,0,0,30,15,0,2000,"boot_bca",0,0.09,0.0795,0.0705,0.0795,1.70083452223598,0.09,0.0065,0.461
"A",1064,"two","unequal SD","x larger (2:1)","exponential","exponential",2,0,0,30,15,0,2000,"ref",0,0.0555,0.0655,0.0425,0.0655,1.77383443513376,0.0555,0.0025,0.464
"A",1065,"two","unequal SD","x larger (2:1)","exponential","exponential",2,0,0,60,30,0,2000,"perm",0,0.045,0.0675,0.0245,0.0675,1.26647764885779,0.045,0.043,0.838
"A",1065,"two","unequal SD","x larger (2:1)","exponential","exponential",2,0,0,60,30,0,2000,"boot_stud",0,0.0575,0.059,0.054,0.059,1.26239830918051,0.0575,0.0505,0.817
"A",1065,"two","unequal SD","x larger (2:1)","exponential","exponential",2,0,0,60,30,0,2000,"boot_bca",0,0.0649999999999999,0.0625,0.062,0.0625,1.22200477733112,0.065,0.063,0.838
"A",1065,"two","unequal SD","x larger (2:1)","exponential","exponential",2,0,0,60,30,0,2000,"ref",0,0.049,0.059,0.039,0.059,1.24723200662977,0.049,0.0525,0.851
"A",1066,"two","unequal SD","balanced","t3","t3",2,0,0,8,8,0,2000,"perm",0,0.054,0.054,0.0535,0.054,2.84514128634132,0.054,0.001,0.097
"A",1066,"two","unequal SD","balanced","t3","t3",2,0,0,8,8,0,2000,"boot_stud",0,0.0639999999999999,0.0635,0.067,0.067,3.65720411282525,0.064,5e-04,0.073
"A",1066,"two","unequal SD","balanced","t3","t3",2,0,0,8,8,0,2000,"boot_bca",0,0.1325,0.0995,0.0955,0.0995,2.69539441300044,0.1325,0.0025,0.1435
"A",1066,"two","unequal SD","balanced","t3","t3",2,0,0,8,8,0,2000,"ref",0,0.0405,0.046,0.047,0.047,3.18795636772568,0.0405,0.001,0.091
"A",1067,"two","unequal SD","balanced","t3","t3",2,0,0,15,15,0,2000,"perm",0,0.05,0.0515,0.0505,0.0515,2.05370098560509,0.05,0.0015,0.31
"A",1067,"two","unequal SD","balanced","t3","t3",2,0,0,15,15,0,2000,"boot_stud",0,0.0665,0.0705,0.0665,0.0705,2.35253395929414,0.0665,0.0025,0.259
"A",1067,"two","unequal SD","balanced","t3","t3",2,0,0,15,15,0,2000,"boot_bca",0,0.112,0.0875,0.0815,0.0875,2.04322360182997,0.112,0.004,0.3305
"A",1067,"two","unequal SD","balanced","t3","t3",2,0,0,15,15,0,2000,"ref",0,0.041,0.045,0.046,0.046,2.18205966968627,0.041,0.002,0.2995
"A",1068,"two","unequal SD","balanced","t3","t3",2,0,0,30,30,0,2000,"perm",0,0.048,0.0515,0.0475,0.0515,1.49960630678716,0.048,0.0205,0.6565
"A",1068,"two","unequal SD","balanced","t3","t3",2,0,0,30,30,0,2000,"boot_stud",0,0.0679999999999999,0.064,0.0625,0.064,1.73698690317415,0.068,0.018,0.6
"A",1068,"two","unequal SD","balanced","t3","t3",2,0,0,30,30,0,2000,"boot_bca",0,0.0845,0.0745,0.072,0.0745,1.53868596352539,0.0845,0.028,0.6325
"A",1068,"two","unequal SD","balanced","t3","t3",2,0,0,30,30,0,2000,"ref",0,0.0385,0.0495,0.045,0.0495,1.56210052755275,0.0385,0.021,0.6525
"A",1069,"two","unequal SD","balanced","t3","t3",2,0,0,50,50,0,2000,"perm",0,0.0570000000000001,0.051,0.0495,0.051,1.18152651110044,0.057,0.144,0.8685
"A",1069,"two","unequal SD","balanced","t3","t3",2,0,0,50,50,0,2000,"boot_stud",0,0.0745,0.0625,0.065,0.065,1.336917918873,0.0745,0.1325,0.815
"A",1069,"two","unequal SD","balanced","t3","t3",2,0,0,50,50,0,2000,"boot_bca",0,0.085,0.0705,0.071,0.071,1.23065621612599,0.085,0.1525,0.835
"A",1069,"two","unequal SD","balanced","t3","t3",2,0,0,50,50,0,2000,"ref",0,0.052,0.05,0.048,0.05,1.2247064064363,0.052,0.1445,0.863
"A",1070,"two","unequal SD","x smaller (1:2)","t3","t3",2,0,0,8,16,0,2000,"perm",0,0.07,0.071,0.07,0.071,2.58469066431606,0.07,0.002,0.144
"A",1070,"two","unequal SD","x smaller (1:2)","t3","t3",2,0,0,8,16,0,2000,"boot_stud",0,0.077,0.0735,0.073,0.0735,3.35384878859427,0.077,0.001,0.12
"A",1070,"two","unequal SD","x smaller (1:2)","t3","t3",2,0,0,8,16,0,2000,"boot_bca",0,0.1465,0.1005,0.102,0.102,2.48324980839622,0.1465,0.002,0.2015
"A",1070,"two","unequal SD","x smaller (1:2)","t3","t3",2,0,0,8,16,0,2000,"ref",0,0.046,0.049,0.0515,0.0515,2.93597338234248,0.046,0.0015,0.1375
"A",1071,"two","unequal SD","x smaller (1:2)","t3","t3",2,0,0,15,30,0,2000,"perm",0,0.049,0.0565,0.0535,0.0565,1.92200940205113,0.049,0.004,0.394
"A",1071,"two","unequal SD","x smaller (1:2)","t3","t3",2,0,0,15,30,0,2000,"boot_stud",0,0.0679999999999999,0.0575,0.058,0.058,2.20993505493829,0.068,0.004,0.342
"A",1071,"two","unequal SD","x smaller (1:2)","t3","t3",2,0,0,15,30,0,2000,"boot_bca",0,0.0925,0.0775,0.0765,0.0775,1.92219404326682,0.0925,0.0085,0.4125
"A",1071,"two","unequal SD","x smaller (1:2)","t3","t3",2,0,0,15,30,0,2000,"ref",0,0.0405,0.0445,0.0425,0.0445,2.05645855731267,0.0405,0.005,0.3825
"A",1072,"two","unequal SD","x smaller (1:2)","t3","t3",2,0,0,30,60,0,2000,"perm",0,0.0435,0.0535,0.0535,0.0535,1.39854985232662,0.0435,0.044,0.71
"A",1072,"two","unequal SD","x smaller (1:2)","t3","t3",2,0,0,30,60,0,2000,"boot_stud",0,0.0639999999999999,0.056,0.059,0.059,1.5334061043887,0.064,0.0405,0.659
"A",1072,"two","unequal SD","x smaller (1:2)","t3","t3",2,0,0,30,60,0,2000,"boot_bca",0,0.082,0.069,0.071,0.071,1.4276636048895,0.082,0.0545,0.6945
"A",1072,"two","unequal SD","x smaller (1:2)","t3","t3",2,0,0,30,60,0,2000,"ref",0,0.0345,0.0435,0.045,0.045,1.45675683817977,0.0345,0.0425,0.7175
"A",1073,"two","unequal SD","x larger (2:1)","t3","t3",2,0,0,16,8,0,2000,"perm",0,0.0425,0.042,0.034,0.042,2.27960492398309,0.0425,5e-04,0.2315
"A",1073,"two","unequal SD","x larger (2:1)","t3","t3",2,0,0,16,8,0,2000,"boot_stud",0,0.0665,0.0645,0.061,0.0645,2.61630301884689,0.0665,5e-04,0.2155
"A",1073,"two","unequal SD","x larger (2:1)","t3","t3",2,0,0,16,8,0,2000,"boot_bca",0,0.1055,0.088,0.0845,0.088,2.21123460135328,0.1055,0.002,0.2865
"A",1073,"two","unequal SD","x larger (2:1)","t3","t3",2,0,0,16,8,0,2000,"ref",0,0.038,0.052,0.0445,0.052,2.39597917041742,0.038,5e-04,0.2295
"A",1074,"two","unequal SD","x larger (2:1)","t3","t3",2,0,0,30,15,0,2000,"perm",0,0.0545,0.0435,0.049,0.049,1.64054285365204,0.0545,0.0055,0.553
"A",1074,"two","unequal SD","x larger (2:1)","t3","t3",2,0,0,30,15,0,2000,"boot_stud",0,0.0755,0.0685,0.077,0.077,1.77450294747012,0.0755,0.0055,0.4965
"A",1074,"two","unequal SD","x larger (2:1)","t3","t3",2,0,0,30,15,0,2000,"boot_bca",0,0.0985,0.0825,0.088,0.088,1.63746568364867,0.0985,0.0085,0.542
"A",1074,"two","unequal SD","x larger (2:1)","t3","t3",2,0,0,30,15,0,2000,"ref",0,0.05,0.0525,0.06,0.06,1.68635944698186,0.05,0.006,0.542
"A",1075,"two","unequal SD","x larger (2:1)","t3","t3",2,0,0,60,30,0,2000,"perm",0,0.0535,0.046,0.0525,0.0525,1.18306023278139,0.0535,0.1255,0.869
"A",1075,"two","unequal SD","x larger (2:1)","t3","t3",2,0,0,60,30,0,2000,"boot_stud",0,0.079,0.059,0.076,0.076,1.24430548333314,0.079,0.123,0.8055
"A",1075,"two","unequal SD","x larger (2:1)","t3","t3",2,0,0,60,30,0,2000,"boot_bca",0,0.09,0.069,0.0845,0.0845,1.19815183814804,0.09,0.1455,0.8195
"A",1075,"two","unequal SD","x larger (2:1)","t3","t3",2,0,0,60,30,0,2000,"ref",0,0.05,0.051,0.0585,0.0585,1.20577470596733,0.05,0.1275,0.854
"A",1076,"two","unequal SD","balanced","contaminated","contaminated",2,0,0,8,8,0,2000,"perm",0,0.0455,0.0495,0.044,0.0495,2.74360130477969,0.0455,0.001,0.185
"A",1076,"two","unequal SD","balanced","contaminated","contaminated",2,0,0,8,8,0,2000,"boot_stud",0,0.0535,0.066,0.0585,0.066,3.77011379493232,0.0535,5e-04,0.1545
"A",1076,"two","unequal SD","balanced","contaminated","contaminated",2,0,0,8,8,0,2000,"boot_bca",0,0.1285,0.0985,0.093,0.0985,2.72728504695418,0.1285,0.004,0.245
"A",1076,"two","unequal SD","balanced","contaminated","contaminated",2,0,0,8,8,0,2000,"ref",0,0.0265,0.0365,0.038,0.038,3.185186774203,0.0265,0.001,0.178
"A",1077,"two","unequal SD","balanced","contaminated","contaminated",2,0,0,15,15,0,2000,"perm",0,0.0575,0.0515,0.0545,0.0545,2.05347853123557,0.0575,0.0115,0.3405
"A",1077,"two","unequal SD","balanced","contaminated","contaminated",2,0,0,15,15,0,2000,"boot_stud",0,0.083,0.074,0.078,0.078,2.45544588323959,0.083,0.0095,0.286
"A",1077,"two","unequal SD","balanced","contaminated","contaminated",2,0,0,15,15,0,2000,"boot_bca",0,0.126,0.102,0.1005,0.102,2.12244485672641,0.126,0.017,0.3375
"A",1077,"two","unequal SD","balanced","contaminated","contaminated",2,0,0,15,15,0,2000,"ref",0,0.0435,0.048,0.047,0.048,2.23110886885235,0.0435,0.011,0.33
"A",1078,"two","unequal SD","balanced","contaminated","contaminated",2,0,0,30,30,0,2000,"perm",0,0.0555,0.0505,0.053,0.053,1.52867899997261,0.0555,0.037,0.5955
"A",1078,"two","unequal SD","balanced","contaminated","contaminated",2,0,0,30,30,0,2000,"boot_stud",0,0.0845,0.08,0.0775,0.08,1.67731306826013,0.0845,0.036,0.4925
"A",1078,"two","unequal SD","balanced","contaminated","contaminated",2,0,0,30,30,0,2000,"boot_bca",0,0.119,0.09,0.094,0.094,1.57496080203351,0.119,0.0455,0.52
"A",1078,"two","unequal SD","balanced","contaminated","contaminated",2,0,0,30,30,0,2000,"ref",0,0.0465,0.048,0.0495,0.0495,1.59486098761787,0.0465,0.037,0.584
"A",1079,"two","unequal SD","balanced","contaminated","contaminated",2,0,0,50,50,0,2000,"perm",0,0.0555,0.053,0.0565,0.0565,1.19890789109296,0.0555,0.132,0.832
"A",1079,"two","unequal SD","balanced","contaminated","contaminated",2,0,0,50,50,0,2000,"boot_stud",0,0.0855,0.069,0.0785,0.0785,1.26274542025365,0.0855,0.113,0.741
"A",1079,"two","unequal SD","balanced","contaminated","contaminated",2,0,0,50,50,0,2000,"boot_bca",0,0.1015,0.0795,0.0845,0.0845,1.21901651979769,0.1015,0.122,0.7695
"A",1079,"two","unequal SD","balanced","contaminated","contaminated",2,0,0,50,50,0,2000,"ref",0,0.053,0.05,0.0565,0.0565,1.22811275494231,0.053,0.1295,0.827
"A",1080,"two","unequal SD","x smaller (1:2)","contaminated","contaminated",2,0,0,8,16,0,2000,"perm",0,0.0580000000000001,0.072,0.0635,0.072,2.54918814479318,0.058,0.003,0.218
"A",1080,"two","unequal SD","x smaller (1:2)","contaminated","contaminated",2,0,0,8,16,0,2000,"boot_stud",0,0.0795,0.0695,0.0685,0.0695,3.59875262605679,0.0795,0.002,0.1725
"A",1080,"two","unequal SD","x smaller (1:2)","contaminated","contaminated",2,0,0,8,16,0,2000,"boot_bca",0,0.1435,0.1115,0.1,0.1115,2.57473640459737,0.1435,0.0055,0.2685
"A",1080,"two","unequal SD","x smaller (1:2)","contaminated","contaminated",2,0,0,8,16,0,2000,"ref",0,0.043,0.044,0.039,0.044,2.99218107539688,0.043,0.003,0.2005
"A",1081,"two","unequal SD","x smaller (1:2)","contaminated","contaminated",2,0,0,15,30,0,2000,"perm",0,0.05,0.0615,0.0655,0.0655,1.96724848324639,0.05,0.0115,0.401
"A",1081,"two","unequal SD","x smaller (1:2)","contaminated","contaminated",2,0,0,15,30,0,2000,"boot_stud",0,0.082,0.0755,0.0735,0.0755,2.39609080070084,0.082,0.01,0.3555
"A",1081,"two","unequal SD","x smaller (1:2)","contaminated","contaminated",2,0,0,15,30,0,2000,"boot_bca",0,0.1235,0.102,0.099,0.102,2.04493191120594,0.1235,0.018,0.4045
"A",1081,"two","unequal SD","x smaller (1:2)","contaminated","contaminated",2,0,0,15,30,0,2000,"ref",0,0.035,0.0405,0.044,0.044,2.14589493401144,0.035,0.0115,0.4015
"A",1082,"two","unequal SD","x smaller (1:2)","contaminated","contaminated",2,0,0,30,60,0,2000,"perm",0,0.048,0.069,0.06,0.069,1.44264492333402,0.048,0.0665,0.6205
"A",1082,"two","unequal SD","x smaller (1:2)","contaminated","contaminated",2,0,0,30,60,0,2000,"boot_stud",0,0.092,0.0865,0.066,0.0865,1.59995766462149,0.092,0.064,0.5385
"A",1082,"two","unequal SD","x smaller (1:2)","contaminated","contaminated",2,0,0,30,60,0,2000,"boot_bca",0,0.118,0.0955,0.0835,0.0955,1.49075290783813,0.118,0.0785,0.57
"A",1082,"two","unequal SD","x smaller (1:2)","contaminated","contaminated",2,0,0,30,60,0,2000,"ref",0,0.037,0.0505,0.048,0.0505,1.50704163691132,0.037,0.0655,0.634
"A",1083,"two","unequal SD","x larger (2:1)","contaminated","contaminated",2,0,0,16,8,0,2000,"perm",0,0.046,0.041,0.0375,0.041,2.22264474190488,0.046,0.0035,0.31
"A",1083,"two","unequal SD","x larger (2:1)","contaminated","contaminated",2,0,0,16,8,0,2000,"boot_stud",0,0.0895,0.0865,0.0735,0.0865,2.67916101909786,0.0895,0.0025,0.252
"A",1083,"two","unequal SD","x larger (2:1)","contaminated","contaminated",2,0,0,16,8,0,2000,"boot_bca",0,0.143,0.1065,0.1,0.1065,2.24246297974471,0.143,0.009,0.301
"A",1083,"two","unequal SD","x larger (2:1)","contaminated","contaminated",2,0,0,16,8,0,2000,"ref",0,0.035,0.047,0.045,0.047,2.40437466546565,0.035,0.002,0.2845
"A",1084,"two","unequal SD","x larger (2:1)","contaminated","contaminated",2,0,0,30,15,0,2000,"perm",0,0.0435,0.037,0.0415,0.0415,1.66089679968884,0.0435,0.0305,0.538
"A",1084,"two","unequal SD","x larger (2:1)","contaminated","contaminated",2,0,0,30,15,0,2000,"boot_stud",0,0.0875,0.0805,0.073,0.0805,1.83632842101174,0.0875,0.031,0.4195
"A",1084,"two","unequal SD","x larger (2:1)","contaminated","contaminated",2,0,0,30,15,0,2000,"boot_bca",0,0.1185,0.093,0.086,0.093,1.6924255153147,0.1185,0.043,0.4615
"A",1084,"two","unequal SD","x larger (2:1)","contaminated","contaminated",2,0,0,30,15,0,2000,"ref",0,0.036,0.0485,0.046,0.0485,1.73515825592662,0.036,0.0345,0.4975
"A",1085,"two","unequal SD","x larger (2:1)","contaminated","contaminated",2,0,0,60,30,0,2000,"perm",0,0.0535,0.036,0.045,0.045,1.20686672300054,0.0535,0.123,0.872
"A",1085,"two","unequal SD","x larger (2:1)","contaminated","contaminated",2,0,0,60,30,0,2000,"boot_stud",0,0.078,0.058,0.073,0.073,1.26190557373133,0.078,0.097,0.781
"A",1085,"two","unequal SD","x larger (2:1)","contaminated","contaminated",2,0,0,60,30,0,2000,"boot_bca",0,0.089,0.0625,0.0825,0.0825,1.21929372657573,0.089,0.113,0.8035
"A",1085,"two","unequal SD","x larger (2:1)","contaminated","contaminated",2,0,0,60,30,0,2000,"ref",0,0.045,0.045,0.052,0.052,1.2345751286397,0.045,0.1145,0.842
"A",1086,"two","identical","balanced","likert_mid","likert_mid",1,0,0,8,8,0,2000,"perm",0,0.026,0.028,0.029,0.029,2.30546329052746,0.026,0,0.0895
"A",1086,"two","identical","balanced","likert_mid","likert_mid",1,0,0,8,8,0,2000,"boot_stud",0,0.051,0.056,0.047,0.056,2.41215948618747,0.051,0,0.095
"A",1086,"two","identical","balanced","likert_mid","likert_mid",1,0,0,8,8,0,2000,"boot_bca",0,0.0895,0.0985,0.0395,0.0985,1.97437191403162,0.0895,0,0.1485
"A",1086,"two","identical","balanced","likert_mid","likert_mid",1,0,0,8,8,0,2000,"ref",0,0.045,0.056,0.05,0.056,2.34285108863064,0.045,0,0.1275
"A",1087,"two","identical","balanced","likert_mid","likert_mid",1,0,0,15,15,0,2000,"perm",0,0.0335,0.036,0.0305,0.036,1.63609704453272,0.0335,0.001,0.605
"A",1087,"two","identical","balanced","likert_mid","likert_mid",1,0,0,15,15,0,2000,"boot_stud",0,0.046,0.0485,0.043,0.0485,1.6522633436014,0.046,0.001,0.57
"A",1087,"two","identical","balanced","likert_mid","likert_mid",1,0,0,15,15,0,2000,"boot_bca",0,0.0629999999999999,0.0695,0.0425,0.0695,1.50698297682924,0.063,0.0015,0.5955
"A",1087,"two","identical","balanced","likert_mid","likert_mid",1,0,0,15,15,0,2000,"ref",0,0.0465,0.0505,0.041,0.0505,1.64070463966813,0.0465,0.0015,0.567
"A",1088,"two","identical","balanced","likert_mid","likert_mid",1,0,0,30,30,0,2000,"perm",0,0.0425,0.042,0.037,0.042,1.13120080042564,0.0425,0.117,0.933
"A",1088,"two","identical","balanced","likert_mid","likert_mid",1,0,0,30,30,0,2000,"boot_stud",0,0.0535,0.0515,0.046,0.0515,1.13607056400183,0.0535,0.0925,0.9375
"A",1088,"two","identical","balanced","likert_mid","likert_mid",1,0,0,30,30,0,2000,"boot_bca",0,0.0570000000000001,0.0605,0.0415,0.0605,1.08539976268103,0.057,0.0875,0.936
"A",1088,"two","identical","balanced","likert_mid","likert_mid",1,0,0,30,30,0,2000,"ref",0,0.0580000000000001,0.054,0.0455,0.054,1.13264160978396,0.058,0.0915,0.935
"A",1089,"two","identical","balanced","likert_mid","likert_mid",1,0,0,50,50,0,2000,"perm",0,0.0465,0.0455,0.042,0.0455,0.869077650483579,0.0465,0.4745,0.9975
"A",1089,"two","identical","balanced","likert_mid","likert_mid",1,0,0,50,50,0,2000,"boot_stud",0,0.0545,0.0525,0.0495,0.0525,0.872187668353338,0.0545,0.463,0.997
"A",1089,"two","identical","balanced","likert_mid","likert_mid",1,0,0,50,50,0,2000,"boot_bca",0,0.0600000000000001,0.0605,0.044,0.0605,0.848735542104618,0.06,0.4525,0.9975
"A",1089,"two","identical","balanced","likert_mid","likert_mid",1,0,0,50,50,0,2000,"ref",0,0.0570000000000001,0.0525,0.0505,0.0525,0.870222186896982,0.057,0.462,0.997
"A",1090,"two","identical","1:2","likert_mid","likert_mid",1,0,0,8,16,0,2000,"perm",0,0.0465,0.044,0.041,0.044,2.00911524710427,0.0465,5e-04,0.281
"A",1090,"two","identical","1:2","likert_mid","likert_mid",1,0,0,8,16,0,2000,"boot_stud",0,0.0545,0.0535,0.046,0.0535,2.05803082673125,0.0545,0,0.2575
"A",1090,"two","identical","1:2","likert_mid","likert_mid",1,0,0,8,16,0,2000,"boot_bca",0,0.0815,0.077,0.049,0.077,1.73763792678633,0.0815,5e-04,0.364
"A",1090,"two","identical","1:2","likert_mid","likert_mid",1,0,0,8,16,0,2000,"ref",0,0.054,0.0535,0.045,0.0535,2.01730389359318,0.054,5e-04,0.282
"A",1091,"two","identical","1:2","likert_mid","likert_mid",1,0,0,15,30,0,2000,"perm",0,0.0415,0.045,0.0425,0.045,1.40861904700058,0.0415,0.006,0.7575
"A",1091,"two","identical","1:2","likert_mid","likert_mid",1,0,0,15,30,0,2000,"boot_stud",0,0.038,0.0455,0.042,0.0455,1.4137695873827,0.038,0.008,0.764
"A",1091,"two","identical","1:2","likert_mid","likert_mid",1,0,0,15,30,0,2000,"boot_bca",0,0.051,0.058,0.0445,0.058,1.30313119105196,0.051,0.011,0.7955
"A",1091,"two","identical","1:2","likert_mid","likert_mid",1,0,0,15,30,0,2000,"ref",0,0.0405,0.045,0.0435,0.045,1.40491883981837,0.0405,0.0075,0.759
"A",1092,"two","identical","1:2","likert_mid","likert_mid",1,0,0,30,60,0,2000,"perm",0,0.048,0.0465,0.0525,0.0525,0.979429279188899,0.048,0.308,0.9835
"A",1092,"two","identical","1:2","likert_mid","likert_mid",1,0,0,30,60,0,2000,"boot_stud",0,0.048,0.0475,0.0515,0.0515,0.980770450168439,0.048,0.3125,0.984
"A",1092,"two","identical","1:2","likert_mid","likert_mid",1,0,0,30,60,0,2000,"boot_bca",0,0.052,0.051,0.052,0.052,0.941631702757282,0.052,0.326,0.986
"A",1092,"two","identical","1:2","likert_mid","likert_mid",1,0,0,30,60,0,2000,"ref",0,0.0485,0.048,0.055,0.055,0.977666211872904,0.0485,0.3085,0.983
"A",1093,"two","unequal spread","balanced","likert_wide","likert_mid",1,0,0,8,8,-4.44089209850063e-16,2000,"perm",0,0.03,0.036,0.027,0.036,2.96338117508719,0.03,0,0.0065
"A",1093,"two","unequal spread","balanced","likert_wide","likert_mid",1,0,0,8,8,-4.44089209850063e-16,2000,"boot_stud",0,0.025,0.035,0.0245,0.035,3.15567171052321,0.025,0,0.004
"A",1093,"two","unequal spread","balanced","likert_wide","likert_mid",1,0,0,8,8,-4.44089209850063e-16,2000,"boot_bca",0,0.0635,0.078,0.038,0.078,2.5049110431874,0.0565,0,0.0145
"A",1093,"two","unequal spread","balanced","likert_wide","likert_mid",1,0,0,8,8,-4.44089209850063e-16,2000,"ref",0,0.0495,0.0535,0.04,0.0535,2.9907173060104,0.0495,0,0.008
"A",1094,"two","unequal spread","balanced","likert_wide","likert_mid",1,0,0,15,15,-4.44089209850063e-16,2000,"perm",0,0.041,0.041,0.0375,0.041,2.05790384995386,0.041,0,0.292
"A",1094,"two","unequal spread","balanced","likert_wide","likert_mid",1,0,0,15,15,-4.44089209850063e-16,2000,"boot_stud",0,0.0345,0.043,0.041,0.043,2.09729736000428,0.0345,0,0.227
"A",1094,"two","unequal spread","balanced","likert_wide","likert_mid",1,0,0,15,15,-4.44089209850063e-16,2000,"boot_bca",0,0.0610000000000001,0.057,0.0525,0.057,1.89057817494026,0.056,0,0.314
"A",1094,"two","unequal spread","balanced","likert_wide","likert_mid",1,0,0,15,15,-4.44089209850063e-16,2000,"ref",0,0.0545,0.049,0.0475,0.049,2.06946654844942,0.0545,0,0.222
"A",1095,"two","unequal spread","balanced","likert_wide","likert_mid",1,0,0,30,30,-4.44089209850063e-16,2000,"perm",0,0.0375,0.0505,0.036,0.0505,1.42183014462269,0.0375,0,0.6995
"A",1095,"two","unequal spread","balanced","likert_wide","likert_mid",1,0,0,30,30,-4.44089209850063e-16,2000,"boot_stud",0,0.0385,0.049,0.0415,0.049,1.43321726755619,0.0385,0,0.7505
"A",1095,"two","unequal spread","balanced","likert_wide","likert_mid",1,0,0,30,30,-4.44089209850063e-16,2000,"boot_bca",0,0.053,0.058,0.0455,0.058,1.36325784380642,0.0505,0,0.7595
"A",1095,"two","unequal spread","balanced","likert_wide","likert_mid",1,0,0,30,30,-4.44089209850063e-16,2000,"ref",0,0.0475,0.055,0.0465,0.055,1.42587865219314,0.0475,0,0.737
"A",1096,"two","unequal spread","balanced","likert_wide","likert_mid",1,0,0,50,50,-4.44089209850063e-16,2000,"perm",0,0.048,0.05,0.045,0.05,1.09263845531413,0.048,0.128,0.9535
"A",1096,"two","unequal spread","balanced","likert_wide","likert_mid",1,0,0,50,50,-4.44089209850063e-16,2000,"boot_stud",0,0.0515,0.053,0.046,0.053,1.09849962499952,0.0515,0.1105,0.9505
"A",1096,"two","unequal spread","balanced","likert_wide","likert_mid",1,0,0,50,50,-4.44089209850063e-16,2000,"boot_bca",0,0.0545,0.0625,0.053,0.0625,1.06514703755904,0.0535,0.129,0.954
"A",1096,"two","unequal spread","balanced","likert_wide","likert_mid",1,0,0,50,50,-4.44089209850063e-16,2000,"ref",0,0.053,0.056,0.052,0.056,1.09471487228462,0.053,0.108,0.947
"A",1097,"two","unequal spread","x smaller (1:2)","likert_wide","likert_mid",1,0,0,8,16,-4.44089209850063e-16,2000,"perm",0,0.0505,0.0475,0.047,0.0475,2.71387953197778,0.0505,0,0.012
"A",1097,"two","unequal spread","x smaller (1:2)","likert_wide","likert_mid",1,0,0,8,16,-4.44089209850063e-16,2000,"boot_stud",0,0.0245,0.026,0.027,0.027,2.98122699338195,0.0245,0,0.012
"A",1097,"two","unequal spread","x smaller (1:2)","likert_wide","likert_mid",1,0,0,8,16,-4.44089209850063e-16,2000,"boot_bca",0,0.0595,0.058,0.049,0.058,2.3189493728882,0.0555,0,0.0405
"A",1097,"two","unequal spread","x smaller (1:2)","likert_wide","likert_mid",1,0,0,8,16,-4.44089209850063e-16,2000,"ref",0,0.0525,0.049,0.0455,0.049,2.78444110513832,0.0525,0,0.0105
"A",1098,"two","unequal spread","x smaller (1:2)","likert_wide","likert_mid",1,0,0,15,30,-4.44089209850063e-16,2000,"perm",0,0.052,0.047,0.052,0.052,1.89571365042901,0.052,0,0.3355
"A",1098,"two","unequal spread","x smaller (1:2)","likert_wide","likert_mid",1,0,0,15,30,-4.44089209850063e-16,2000,"boot_stud",0,0.028,0.034,0.036,0.036,1.95630861824095,0.028,0,0.3515
"A",1098,"two","unequal spread","x smaller (1:2)","likert_wide","likert_mid",1,0,0,15,30,-4.44089209850063e-16,2000,"boot_bca",0,0.047,0.0475,0.0505,0.0505,1.74725351870183,0.046,0,0.4325
"A",1098,"two","unequal spread","x smaller (1:2)","likert_wide","likert_mid",1,0,0,15,30,-4.44089209850063e-16,2000,"ref",0,0.0515,0.048,0.0485,0.0485,1.9196466779683,0.0515,0,0.3255
"A",1099,"two","unequal spread","x smaller (1:2)","likert_wide","likert_mid",1,0,0,30,60,-4.44089209850063e-16,2000,"perm",0,0.0545,0.053,0.046,0.053,1.30777498629958,0.0545,0.0025,0.8465
"A",1099,"two","unequal spread","x smaller (1:2)","likert_wide","likert_mid",1,0,0,30,60,-4.44089209850063e-16,2000,"boot_stud",0,0.041,0.0495,0.04,0.0495,1.32403964496854,0.041,0.0025,0.855
"A",1099,"two","unequal spread","x smaller (1:2)","likert_wide","likert_mid",1,0,0,30,60,-4.44089209850063e-16,2000,"boot_bca",0,0.0545,0.055,0.046,0.055,1.25486225852009,0.0525,0.0045,0.8685
"A",1099,"two","unequal spread","x smaller (1:2)","likert_wide","likert_mid",1,0,0,30,60,-4.44089209850063e-16,2000,"ref",0,0.0545,0.053,0.0465,0.053,1.31513092483998,0.0545,0.0025,0.8455
"A",1100,"two","unequal spread","x larger (2:1)","likert_wide","likert_mid",1,0,0,16,8,-4.44089209850063e-16,2000,"perm",0,0.0445,0.0575,0.039,0.0575,2.40457226818155,0.0445,0,0.0685
"A",1100,"two","unequal spread","x larger (2:1)","likert_wide","likert_mid",1,0,0,16,8,-4.44089209850063e-16,2000,"boot_stud",0,0.0385,0.0485,0.038,0.0485,2.34881862931681,0.0385,0,0.0785
"A",1100,"two","unequal spread","x larger (2:1)","likert_wide","likert_mid",1,0,0,16,8,-4.44089209850063e-16,2000,"boot_bca",0,0.0735,0.0715,0.05,0.0715,2.05996265905411,0.0705,0,0.146
"A",1100,"two","unequal spread","x larger (2:1)","likert_wide","likert_mid",1,0,0,16,8,-4.44089209850063e-16,2000,"ref",0,0.0525,0.059,0.043,0.059,2.31788470296448,0.0525,0,0.0805
"A",1101,"two","unequal spread","x larger (2:1)","likert_wide","likert_mid",1,0,0,30,15,-4.44089209850063e-16,2000,"perm",0,0.0465,0.047,0.047,0.047,1.67016856772232,0.0465,0,0.554
"A",1101,"two","unequal spread","x larger (2:1)","likert_wide","likert_mid",1,0,0,30,15,-4.44089209850063e-16,2000,"boot_stud",0,0.04,0.0455,0.044,0.0455,1.65130887924715,0.04,0,0.572
"A",1101,"two","unequal spread","x larger (2:1)","likert_wide","likert_mid",1,0,0,30,15,-4.44089209850063e-16,2000,"boot_bca",0,0.056,0.0515,0.0515,0.0515,1.54579460759345,0.055,0,0.6055
"A",1101,"two","unequal spread","x larger (2:1)","likert_wide","likert_mid",1,0,0,30,15,-4.44089209850063e-16,2000,"ref",0,0.05,0.0495,0.0475,0.0495,1.64164962647488,0.05,0,0.562
"A",1102,"two","unequal spread","x larger (2:1)","likert_wide","likert_mid",1,0,0,60,30,-4.44089209850063e-16,2000,"perm",0,0.0445,0.05,0.045,0.05,1.15641447907181,0.0445,0.0625,0.933
"A",1102,"two","unequal spread","x larger (2:1)","likert_wide","likert_mid",1,0,0,60,30,-4.44089209850063e-16,2000,"boot_stud",0,0.045,0.0495,0.0425,0.0495,1.1495507971263,0.045,0.061,0.939
"A",1102,"two","unequal spread","x larger (2:1)","likert_wide","likert_mid",1,0,0,60,30,-4.44089209850063e-16,2000,"boot_bca",0,0.0525,0.052,0.0465,0.052,1.1114878576816,0.051,0.081,0.9415
"A",1102,"two","unequal spread","x larger (2:1)","likert_wide","likert_mid",1,0,0,60,30,-4.44089209850063e-16,2000,"ref",0,0.048,0.0505,0.0445,0.0505,1.14600886836488,0.048,0.067,0.935
"A",1103,"paired","paired differences","paired","normal",NA,1,0,0,8,8,0,2000,"perm",0,0.049,0.049,0.048,0.049,1.64824317543441,0.049,0.0335,0.5925
"A",1103,"paired","paired differences","paired","normal",NA,1,0,0,8,8,0,2000,"boot_stud",0,0.052,0.0505,0.051,0.051,1.8420914536303,0.052,0.0265,0.504
"A",1103,"paired","paired differences","paired","normal",NA,1,0,0,8,8,0,2000,"boot_bca",0,0.112,0.0775,0.086,0.086,1.28560189902943,0.112,0.089,0.751
"A",1103,"paired","paired differences","paired","normal",NA,1,0,0,8,8,0,2000,"ref",0,0.049,0.0495,0.05,0.05,1.63541042830358,0.049,0.034,0.611
"A",1104,"paired","paired differences","paired","normal",NA,1,0,0,15,15,0,2000,"perm",0,0.047,0.0575,0.0495,0.0575,1.0903966831508,0.047,0.202,0.951
"A",1104,"paired","paired differences","paired","normal",NA,1,0,0,15,15,0,2000,"boot_stud",0,0.048,0.0505,0.0475,0.0505,1.12176043415357,0.048,0.18,0.942
"A",1104,"paired","paired differences","paired","normal",NA,1,0,0,15,15,0,2000,"boot_bca",0,0.0815,0.072,0.0705,0.072,0.964729796332063,0.0815,0.2935,0.9685
"A",1104,"paired","paired differences","paired","normal",NA,1,0,0,15,15,0,2000,"ref",0,0.0475,0.0565,0.05,0.0565,1.08795314204505,0.0475,0.196,0.9535
"A",1105,"paired","paired differences","paired","normal",NA,1,0,0,30,30,0,2000,"perm",0,0.0555,0.052,0.0485,0.052,0.742030923924666,0.0555,0.6845,1
"A",1105,"paired","paired differences","paired","normal",NA,1,0,0,30,30,0,2000,"boot_stud",0,0.0525,0.052,0.0485,0.052,0.748505394628536,0.0525,0.6745,1
"A",1105,"paired","paired differences","paired","normal",NA,1,0,0,30,30,0,2000,"boot_bca",0,0.071,0.0625,0.0555,0.0625,0.699038967868079,0.071,0.7155,1
"A",1105,"paired","paired differences","paired","normal",NA,1,0,0,30,30,0,2000,"ref",0,0.055,0.053,0.049,0.053,0.741861969093843,0.055,0.686,1
"A",1106,"paired","paired differences","paired","normal",NA,1,0,0,50,50,0,2000,"perm",0,0.0515,0.048,0.05,0.05,0.565160605566416,0.0515,0.9335,1
"A",1106,"paired","paired differences","paired","normal",NA,1,0,0,50,50,0,2000,"boot_stud",0,0.048,0.0455,0.0485,0.0485,0.566915595158374,0.048,0.933,1
"A",1106,"paired","paired differences","paired","normal",NA,1,0,0,50,50,0,2000,"boot_bca",0,0.0590000000000001,0.053,0.052,0.053,0.544351375211382,0.059,0.9405,1
"A",1106,"paired","paired differences","paired","normal",NA,1,0,0,50,50,0,2000,"ref",0,0.0515,0.0455,0.0505,0.0505,0.564774640550194,0.0515,0.933,1
"A",1107,"paired","paired differences","paired","lognormal",NA,1,0,0,8,8,0,2000,"perm",0,0.073,0.1095,0.013,0.1095,1.51684843293306,0.073,0.0535,0.7445
"A",1107,"paired","paired differences","paired","lognormal",NA,1,0,0,8,8,0,2000,"boot_stud",0,0.0555,0.0755,0.0275,0.0755,2.08946892873462,0.0555,0.047,0.581
"A",1107,"paired","paired differences","paired","lognormal",NA,1,0,0,8,8,0,2000,"boot_bca",0,0.128,0.128,0.051,0.128,1.26725567917205,0.128,0.146,0.7715
"A",1107,"paired","paired differences","paired","lognormal",NA,1,0,0,8,8,0,2000,"ref",0,0.073,0.1115,0.014,0.1115,1.56550287498964,0.073,0.0575,0.734
"A",1108,"paired","paired differences","paired","lognormal",NA,1,0,0,15,15,0,2000,"perm",0,0.0775,0.108,0.022,0.108,1.02778741868237,0.0775,0.289,0.9265
"A",1108,"paired","paired differences","paired","lognormal",NA,1,0,0,15,15,0,2000,"boot_stud",0,0.0615,0.074,0.042,0.074,1.22056992488977,0.0615,0.2545,0.814
"A",1108,"paired","paired differences","paired","lognormal",NA,1,0,0,15,15,0,2000,"boot_bca",0,0.102,0.106,0.06,0.106,0.972170731832993,0.102,0.3685,0.8915
"A",1108,"paired","paired differences","paired","lognormal",NA,1,0,0,15,15,0,2000,"ref",0,0.073,0.1065,0.0205,0.1065,1.05677223801174,0.073,0.28,0.922
"A",1109,"paired","paired differences","paired","lognormal",NA,1,0,0,30,30,0,2000,"perm",0,0.0695,0.0995,0.028,0.0995,0.713007741801072,0.0695,0.727,0.9935
"A",1109,"paired","paired differences","paired","lognormal",NA,1,0,0,30,30,0,2000,"boot_stud",0,0.0580000000000001,0.0685,0.0495,0.0685,0.779832374379397,0.058,0.6595,0.9755
"A",1109,"paired","paired differences","paired","lognormal",NA,1,0,0,30,30,0,2000,"boot_bca",0,0.0825,0.0835,0.06,0.0835,0.70157924369495,0.0825,0.7195,0.9865
"A",1109,"paired","paired differences","paired","lognormal",NA,1,0,0,30,30,0,2000,"ref",0,0.0675,0.0975,0.027,0.0975,0.723746639059948,0.0675,0.72,0.993
"A",1110,"paired","paired differences","paired","lognormal",NA,1,0,0,50,50,0,2000,"perm",0,0.0629999999999999,0.082,0.0245,0.082,0.554486818497379,0.063,0.931,0.9995
"A",1110,"paired","paired differences","paired","lognormal",NA,1,0,0,50,50,0,2000,"boot_stud",0,0.0545,0.0605,0.04,0.0605,0.58821126704192,0.0545,0.884,0.9975
"A",1110,"paired","paired differences","paired","lognormal",NA,1,0,0,50,50,0,2000,"boot_bca",0,0.0679999999999999,0.0715,0.045,0.0715,0.551992402719605,0.068,0.899,0.998
"A",1110,"paired","paired differences","paired","lognormal",NA,1,0,0,50,50,0,2000,"ref",0,0.0600000000000001,0.0825,0.0235,0.0825,0.559972793744527,0.06,0.9295,0.999
"A",1111,"paired","paired differences","paired","exponential",NA,1,0,0,8,8,0,2000,"perm",0,0.1125,0.14,0.013,0.14,1.4560052000391,0.1125,0.0615,0.764
"A",1111,"paired","paired differences","paired","exponential",NA,1,0,0,8,8,0,2000,"boot_stud",0,0.0645,0.0865,0.022,0.0865,2.34290413445034,0.0645,0.0485,0.5405
"A",1111,"paired","paired differences","paired","exponential",NA,1,0,0,8,8,0,2000,"boot_bca",0,0.139,0.144,0.052,0.144,1.26181167734603,0.139,0.1705,0.7485
"A",1111,"paired","paired differences","paired","exponential",NA,1,0,0,8,8,0,2000,"ref",0,0.109,0.1375,0.0115,0.1375,1.5315429614577,0.109,0.0585,0.7505
"A",1112,"paired","paired differences","paired","exponential",NA,1,0,0,15,15,0,2000,"perm",0,0.0905,0.123,0.0135,0.123,0.990312069950723,0.0905,0.3115,0.9345
"A",1112,"paired","paired differences","paired","exponential",NA,1,0,0,15,15,0,2000,"boot_stud",0,0.0485,0.0645,0.029,0.0645,1.28164835463604,0.0485,0.278,0.7935
"A",1112,"paired","paired differences","paired","exponential",NA,1,0,0,15,15,0,2000,"boot_bca",0,0.087,0.1005,0.045,0.1005,0.959832246727217,0.087,0.422,0.891
"A",1112,"paired","paired differences","paired","exponential",NA,1,0,0,15,15,0,2000,"ref",0,0.085,0.1215,0.013,0.1215,1.02790269112118,0.085,0.305,0.9335
"A",1113,"paired","paired differences","paired","exponential",NA,1,0,0,30,30,0,2000,"perm",0,0.0725,0.0985,0.022,0.0985,0.71281290316908,0.0725,0.743,0.9945
"A",1113,"paired","paired differences","paired","exponential",NA,1,0,0,30,30,0,2000,"boot_stud",0,0.0545,0.0595,0.0475,0.0595,0.816027043335076,0.0545,0.6335,0.9595
"A",1113,"paired","paired differences","paired","exponential",NA,1,0,0,30,30,0,2000,"boot_bca",0,0.0795,0.0725,0.0545,0.0725,0.71253862101533,0.0795,0.705,0.983
"A",1113,"paired","paired differences","paired","exponential",NA,1,0,0,30,30,0,2000,"ref",0,0.072,0.095,0.022,0.095,0.72777465194752,0.072,0.7395,0.9935
"A",1114,"paired","paired differences","paired","exponential",NA,1,0,0,50,50,0,2000,"perm",0,0.0785,0.093,0.032,0.093,0.552745660720014,0.0785,0.921,1
"A",1114,"paired","paired differences","paired","exponential",NA,1,0,0,50,50,0,2000,"boot_stud",0,0.0580000000000001,0.066,0.044,0.066,0.598202595890802,0.058,0.855,0.9995
"A",1114,"paired","paired differences","paired","exponential",NA,1,0,0,50,50,0,2000,"boot_bca",0,0.075,0.0765,0.0545,0.0765,0.5538431805502,0.075,0.8755,1
"A",1114,"paired","paired differences","paired","exponential",NA,1,0,0,50,50,0,2000,"ref",0,0.0745,0.0935,0.03,0.0935,0.558908903639936,0.0745,0.923,1
"A",1115,"paired","paired differences","paired","t3",NA,1,0,0,8,8,0,2000,"perm",0,0.0435,0.0445,0.043,0.0445,1.35724205041013,0.0435,0.1935,0.769
"A",1115,"paired","paired differences","paired","t3",NA,1,0,0,8,8,0,2000,"boot_stud",0,0.0655,0.064,0.066,0.066,1.8980921395539,0.0655,0.1465,0.623
"A",1115,"paired","paired differences","paired","t3",NA,1,0,0,8,8,0,2000,"boot_bca",0,0.142,0.107,0.1025,0.107,1.15661802876985,0.142,0.2795,0.7895
"A",1115,"paired","paired differences","paired","t3",NA,1,0,0,8,8,0,2000,"ref",0,0.041,0.043,0.0445,0.0445,1.42718590581548,0.041,0.1955,0.7655
"A",1116,"paired","paired differences","paired","t3",NA,1,0,0,15,15,0,2000,"perm",0,0.049,0.045,0.055,0.055,0.942934838132521,0.049,0.4435,0.931
"A",1116,"paired","paired differences","paired","t3",NA,1,0,0,15,15,0,2000,"boot_stud",0,0.08,0.0675,0.0695,0.0695,1.11778049119841,0.08,0.3795,0.8575
"A",1116,"paired","paired differences","paired","t3",NA,1,0,0,15,15,0,2000,"boot_bca",0,0.121,0.0945,0.0975,0.0975,0.906901873226111,0.121,0.4675,0.8975
"A",1116,"paired","paired differences","paired","t3",NA,1,0,0,15,15,0,2000,"ref",0,0.0415,0.044,0.053,0.053,0.98383937653671,0.0415,0.4405,0.9245
"A",1117,"paired","paired differences","paired","t3",NA,1,0,0,30,30,0,2000,"perm",0,0.0545,0.0505,0.051,0.051,0.675637149634138,0.0545,0.76,0.9855
"A",1117,"paired","paired differences","paired","t3",NA,1,0,0,30,30,0,2000,"boot_stud",0,0.0835,0.0715,0.068,0.0715,0.758059224054912,0.0835,0.686,0.9455
"A",1117,"paired","paired differences","paired","t3",NA,1,0,0,30,30,0,2000,"boot_bca",0,0.1085,0.0875,0.0815,0.0875,0.686396594454221,0.1085,0.7185,0.961
"A",1117,"paired","paired differences","paired","t3",NA,1,0,0,30,30,0,2000,"ref",0,0.0465,0.0495,0.051,0.051,0.699818605307459,0.0465,0.758,0.9825
"A",1118,"paired","paired differences","paired","t3",NA,1,0,0,50,50,0,2000,"perm",0,0.0395,0.0435,0.0405,0.0435,0.524649599737997,0.0395,0.9305,0.997
"A",1118,"paired","paired differences","paired","t3",NA,1,0,0,50,50,0,2000,"boot_stud",0,0.0590000000000001,0.059,0.058,0.059,0.564451091345346,0.059,0.882,0.979
"A",1118,"paired","paired differences","paired","t3",NA,1,0,0,50,50,0,2000,"boot_bca",0,0.0775,0.0665,0.067,0.067,0.535743662050514,0.0775,0.8985,0.986
"A",1118,"paired","paired differences","paired","t3",NA,1,0,0,50,50,0,2000,"ref",0,0.0375,0.042,0.0395,0.042,0.538300976681862,0.0375,0.928,0.9965
"A",1119,"paired","paired differences","paired","contaminated",NA,1,0,0,8,8,0,2000,"perm",0,0.0445,0.0505,0.037,0.0505,1.29848619171932,0.0445,0.2955,0.759
"A",1119,"paired","paired differences","paired","contaminated",NA,1,0,0,8,8,0,2000,"boot_stud",0,0.0685,0.077,0.062,0.077,1.97983458097361,0.0685,0.25,0.65
"A",1119,"paired","paired differences","paired","contaminated",NA,1,0,0,8,8,0,2000,"boot_bca",0,0.165,0.1195,0.1015,0.1195,1.16822076433755,0.165,0.396,0.7325
"A",1119,"paired","paired differences","paired","contaminated",NA,1,0,0,8,8,0,2000,"ref",0,0.0375,0.0495,0.0365,0.0495,1.41219508076131,0.0375,0.3,0.744
"A",1120,"paired","paired differences","paired","contaminated",NA,1,0,0,15,15,0,2000,"perm",0,0.038,0.047,0.0405,0.047,0.942085456909633,0.038,0.4625,0.8945
"A",1120,"paired","paired differences","paired","contaminated",NA,1,0,0,15,15,0,2000,"boot_stud",0,0.074,0.0755,0.0725,0.0755,1.20580048226811,0.074,0.3975,0.716
"A",1120,"paired","paired differences","paired","contaminated",NA,1,0,0,15,15,0,2000,"boot_bca",0,0.1305,0.103,0.1035,0.1035,0.967586980564986,0.1305,0.4495,0.794
"A",1120,"paired","paired differences","paired","contaminated",NA,1,0,0,15,15,0,2000,"ref",0,0.034,0.041,0.035,0.041,1.01741333207261,0.034,0.454,0.8765
"A",1121,"paired","paired differences","paired","contaminated",NA,1,0,0,30,30,0,2000,"perm",0,0.0445,0.0435,0.0545,0.0545,0.680169292411727,0.0445,0.7055,0.99
"A",1121,"paired","paired differences","paired","contaminated",NA,1,0,0,30,30,0,2000,"boot_stud",0,0.0915,0.073,0.0875,0.0875,0.782170804491283,0.0915,0.5715,0.9235
"A",1121,"paired","paired differences","paired","contaminated",NA,1,0,0,30,30,0,2000,"boot_bca",0,0.125,0.09,0.106,0.106,0.70997453212558,0.125,0.615,0.961
"A",1121,"paired","paired differences","paired","contaminated",NA,1,0,0,30,30,0,2000,"ref",0,0.0325,0.04,0.05,0.05,0.714016691374439,0.0325,0.689,0.9895
"A",1122,"paired","paired differences","paired","contaminated",NA,1,0,0,50,50,0,2000,"perm",0,0.0505,0.05,0.0575,0.0575,0.538004233007826,0.0505,0.8995,1
"A",1122,"paired","paired differences","paired","contaminated",NA,1,0,0,50,50,0,2000,"boot_stud",0,0.0925,0.071,0.078,0.078,0.581325467377411,0.0925,0.8015,0.995
"A",1122,"paired","paired differences","paired","contaminated",NA,1,0,0,50,50,0,2000,"boot_bca",0,0.1165,0.082,0.0935,0.0935,0.552357525889981,0.1165,0.834,0.9995
"A",1122,"paired","paired differences","paired","contaminated",NA,1,0,0,50,50,0,2000,"ref",0,0.0445,0.0485,0.055,0.055,0.553784862897149,0.0445,0.896,1
"A",1123,"paired","paired differences","paired","diff_sym",NA,1,0,0,8,8,0,1998,"perm",0,0.024,0.052,0.0535,0.0535,1.8081216411991,0.024,0.018,0.468
"A",1123,"paired","paired differences","paired","diff_sym",NA,1,0,0,8,8,0,1998,"boot_stud",0.001,0.05005005005005,0.0510510510510511,0.0535535535535536,0.0535535535535536,1.84956760058906,0.0500500500500501,0.0295295295295295,0.371871871871872
"A",1123,"paired","paired differences","paired","diff_sym",NA,1,0,0,8,8,0,1998,"boot_bca",0.001,0.110610610610611,0.115615615615616,0.043043043043043,0.115615615615616,1.36487437094187,0.110610610610611,0.0345345345345345,0.568568568568569
"A",1123,"paired","paired differences","paired","diff_sym",NA,1,0,0,8,8,0,1998,"ref",0.001,0.0580580580580581,0.0515515515515515,0.0495495495495495,0.0515515515515515,1.76732171146177,0.0580580580580581,0.017017017017017,0.498498498498498
"A",1124,"paired","paired differences","paired","diff_sym",NA,1,0,0,15,15,0,2000,"perm",0,0.0575,0.043,0.0495,0.0495,1.20697077013984,0.0575,0.1205,0.9155
"A",1124,"paired","paired differences","paired","diff_sym",NA,1,0,0,15,15,0,2000,"boot_stud",0,0.052,0.0505,0.0505,0.0505,1.23041710059926,0.052,0.079,0.924
"A",1124,"paired","paired differences","paired","diff_sym",NA,1,0,0,15,15,0,2000,"boot_bca",0,0.0895,0.088,0.0465,0.088,1.05639388793731,0.0895,0.1655,0.937
"A",1124,"paired","paired differences","paired","diff_sym",NA,1,0,0,15,15,0,2000,"ref",0,0.0575,0.049,0.052,0.052,1.19966405434958,0.0575,0.0935,0.9215
"A",1125,"paired","paired differences","paired","diff_sym",NA,1,0,0,30,30,0,2000,"perm",0,0.0610000000000001,0.0485,0.0555,0.0555,0.813112586471515,0.061,0.575,0.998
"A",1125,"paired","paired differences","paired","diff_sym",NA,1,0,0,30,30,0,2000,"boot_stud",0,0.0580000000000001,0.048,0.0495,0.0495,0.817090973376225,0.058,0.5785,0.999
"A",1125,"paired","paired differences","paired","diff_sym",NA,1,0,0,30,30,0,2000,"boot_bca",0,0.07,0.066,0.042,0.066,0.762715826112878,0.07,0.5995,0.998
"A",1125,"paired","paired differences","paired","diff_sym",NA,1,0,0,30,30,0,2000,"ref",0,0.0610000000000001,0.049,0.0525,0.0525,0.812035923924614,0.061,0.569,0.9985
"A",1126,"paired","paired differences","paired","diff_sym",NA,1,0,0,50,50,0,2000,"perm",0,0.0485,0.0445,0.047,0.047,0.622058594215093,0.0485,0.884,1
"A",1126,"paired","paired differences","paired","diff_sym",NA,1,0,0,50,50,0,2000,"boot_stud",0,0.044,0.043,0.0445,0.0445,0.623167625331576,0.044,0.8885,1
"A",1126,"paired","paired differences","paired","diff_sym",NA,1,0,0,50,50,0,2000,"boot_bca",0,0.0565,0.06,0.042,0.06,0.597770138006341,0.0565,0.877,1
"A",1126,"paired","paired differences","paired","diff_sym",NA,1,0,0,50,50,0,2000,"ref",0,0.0455,0.044,0.048,0.048,0.621065591103484,0.0455,0.8835,1
"A",1127,"paired","paired differences","paired","diff_skew",NA,1,0,0,8,8,0.4,1998,"perm",5e-04,0.0475237618809404,0.0370185092546273,0.0415207603801901,0.0415207603801901,1.6004099016586,0.170585292646323,0.00550275137568784,0.439719859929965
"A",1127,"paired","paired differences","paired","diff_skew",NA,1,0,0,8,8,0.4,1998,"boot_stud",0.001,0.065065065065065,0.037037037037037,0.0785785785785786,0.0785785785785786,1.64369416048727,0.21021021021021,0.0125125125125125,0.392892892892893
"A",1127,"paired","paired differences","paired","diff_skew",NA,1,0,0,8,8,0.4,1998,"boot_bca",0.001,0.116116116116116,0.14014014014014,0.0405405405405405,0.14014014014014,1.2353628148431,0.213713713713714,0.024024024024024,0.62962962962963
"A",1127,"paired","paired differences","paired","diff_skew",NA,1,0,0,8,8,0.4,1998,"ref",0.001,0.036036036036036,0.03003003003003,0.0760760760760761,0.0760760760760761,1.56136728371201,0.25025025025025,0.005005005005005,0.421921921921922
"A",1128,"paired","paired differences","paired","diff_skew",NA,1,0,0,15,15,0.4,2000,"perm",0,0.048,0.0325,0.062,0.062,1.05404277091977,0.3595,0.049,0.731
"A",1128,"paired","paired differences","paired","diff_skew",NA,1,0,0,15,15,0.4,2000,"boot_stud",0,0.0485,0.048,0.0505,0.0505,1.10337382956382,0.2875,0.04,0.783
"A",1128,"paired","paired differences","paired","diff_skew",NA,1,0,0,15,15,0.4,2000,"boot_bca",0,0.07,0.0815,0.0315,0.0815,0.946824769289498,0.2945,0.108,0.874
"A",1128,"paired","paired differences","paired","diff_skew",NA,1,0,0,15,15,0.4,2000,"ref",0,0.0525,0.038,0.063,0.063,1.05512712452563,0.352,0.0355,0.7525
"A",1129,"paired","paired differences","paired","diff_skew",NA,1,0,0,30,30,0.4,2000,"perm",0,0.0505,0.032,0.0665,0.0665,0.716557459668143,0.6005,0.1115,0.966
"A",1129,"paired","paired differences","paired","diff_skew",NA,1,0,0,30,30,0.4,2000,"boot_stud",0,0.0475,0.046,0.0565,0.0565,0.728926098196235,0.515,0.1215,0.972
"A",1129,"paired","paired differences","paired","diff_skew",NA,1,0,0,30,30,0.4,2000,"boot_bca",0,0.056,0.0625,0.04,0.0625,0.680599512622182,0.5025,0.1675,0.983
"A",1129,"paired","paired differences","paired","diff_skew",NA,1,0,0,30,30,0.4,2000,"ref",0,0.052,0.0375,0.067,0.067,0.716247259273437,0.5955,0.112,0.9675
"A",1130,"paired","paired differences","paired","diff_skew",NA,1,0,0,50,50,0.4,2000,"perm",0,0.0580000000000001,0.046,0.0585,0.0585,0.550508095741475,0.788,0.164,0.9965
"A",1130,"paired","paired differences","paired","diff_skew",NA,1,0,0,50,50,0.4,2000,"boot_stud",0,0.05,0.0525,0.0535,0.0535,0.555232951729549,0.744,0.1835,0.9975
"A",1130,"paired","paired differences","paired","diff_skew",NA,1,0,0,50,50,0.4,2000,"boot_bca",0,0.0545,0.065,0.0365,0.065,0.53350350009728,0.7405,0.2235,0.9985
"A",1130,"paired","paired differences","paired","diff_skew",NA,1,0,0,50,50,0.4,2000,"ref",0,0.0555,0.0465,0.0605,0.0605,0.55031729007471,0.7835,0.165,0.996
"B",2001,"two","identical","balanced","normal","normal",1,0,0.2,8,8,0,2000,"perm",0,0.054,0.0485,0.053,0.053,2.31553461723634,0.054,0.004,0.184
"B",2001,"two","identical","balanced","normal","normal",1,0,0.2,8,8,0,2000,"boot_stud",0,0.0485,0.0435,0.0475,0.0475,2.46684044242689,0.0485,0.003,0.167
"B",2001,"two","identical","balanced","normal","normal",1,0,0.2,8,8,0,2000,"boot_bca",0,0.0639999999999999,0.058,0.061,0.061,2.04788091848665,0.064,0.001,0.2375
"B",2001,"two","identical","balanced","normal","normal",1,0,0.2,8,8,0,2000,"ref",0,0.049,0.0475,0.052,0.052,2.33560509120115,0.049,0.0035,0.18
"B",2002,"two","identical","balanced","normal","normal",1,0,0.2,15,15,0,2000,"perm",0,0.0455,0.045,0.049,0.049,1.66168021497547,0.0455,0.0155,0.578
"B",2002,"two","identical","balanced","normal","normal",1,0,0.2,15,15,0,2000,"boot_stud",0,0.044,0.0455,0.046,0.046,1.70099901583815,0.044,0.016,0.5745
"B",2002,"two","identical","balanced","normal","normal",1,0,0.2,15,15,0,2000,"boot_bca",0,0.052,0.0515,0.0505,0.0515,1.54645583188025,0.052,0.0105,0.628
"B",2002,"two","identical","balanced","normal","normal",1,0,0.2,15,15,0,2000,"ref",0,0.048,0.0465,0.048,0.048,1.64762490708383,0.048,0.0145,0.5825
"B",2003,"two","identical","balanced","normal","normal",1,0,0.2,30,30,0,2000,"perm",0,0.052,0.053,0.052,0.053,1.11589264370852,0.052,0.1415,0.938
"B",2003,"two","identical","balanced","normal","normal",1,0,0.2,30,30,0,2000,"boot_stud",0,0.0465,0.0535,0.056,0.056,1.12344660027825,0.0465,0.1375,0.9405
"B",2003,"two","identical","balanced","normal","normal",1,0,0.2,30,30,0,2000,"boot_bca",0,0.053,0.055,0.057,0.057,1.08465593434494,0.053,0.149,0.9435
"B",2003,"two","identical","balanced","normal","normal",1,0,0.2,30,30,0,2000,"ref",0,0.0535,0.0545,0.053,0.0545,1.11166102473063,0.0535,0.1335,0.9405
"B",2004,"two","identical","balanced","normal","normal",1,0,0.2,50,50,0,2000,"perm",0,0.0455,0.051,0.0445,0.051,0.853326715254655,0.0455,0.4875,0.9975
"B",2004,"two","identical","balanced","normal","normal",1,0,0.2,50,50,0,2000,"boot_stud",0,0.043,0.0505,0.045,0.0505,0.855261256126847,0.043,0.4915,0.9975
"B",2004,"two","identical","balanced","normal","normal",1,0,0.2,50,50,0,2000,"boot_bca",0,0.048,0.053,0.048,0.053,0.838119344939304,0.048,0.4985,0.9975
"B",2004,"two","identical","balanced","normal","normal",1,0,0.2,50,50,0,2000,"ref",0,0.044,0.05,0.046,0.05,0.850461468459142,0.044,0.495,0.9975
"B",2005,"two","identical","1:2","normal","normal",1,0,0.2,8,16,0,2000,"perm",0,0.0515,0.043,0.047,0.047,1.99220830655369,0.0515,0.0035,0.3595
"B",2005,"two","identical","1:2","normal","normal",1,0,0.2,8,16,0,2000,"boot_stud",0,0.047,0.047,0.0465,0.047,2.08912097895194,0.047,0.003,0.341
"B",2005,"two","identical","1:2","normal","normal",1,0,0.2,8,16,0,2000,"boot_bca",0,0.0605,0.0535,0.0505,0.0535,1.78424472367336,0.0605,0.002,0.415
"B",2005,"two","identical","1:2","normal","normal",1,0,0.2,8,16,0,2000,"ref",0,0.051,0.0455,0.0475,0.0475,1.99670663012227,0.051,0.0025,0.364
"B",2006,"two","identical","1:2","normal","normal",1,0,0.2,15,30,0,2000,"perm",0,0.0395,0.049,0.044,0.049,1.43341739795536,0.0395,0.0435,0.755
"B",2006,"two","identical","1:2","normal","normal",1,0,0.2,15,30,0,2000,"boot_stud",0,0.044,0.047,0.041,0.047,1.46086653725375,0.044,0.0415,0.7405
"B",2006,"two","identical","1:2","normal","normal",1,0,0.2,15,30,0,2000,"boot_bca",0,0.046,0.0565,0.047,0.0565,1.33788769350112,0.046,0.039,0.7945
"B",2006,"two","identical","1:2","normal","normal",1,0,0.2,15,30,0,2000,"ref",0,0.044,0.048,0.045,0.048,1.42140948797352,0.044,0.041,0.761
"B",2007,"two","identical","1:2","normal","normal",1,0,0.2,30,60,0,2000,"perm",0,0.054,0.047,0.049,0.049,0.972959178842252,0.054,0.299,0.9855
"B",2007,"two","identical","1:2","normal","normal",1,0,0.2,30,60,0,2000,"boot_stud",0,0.0515,0.046,0.047,0.047,0.97816866284788,0.0515,0.309,0.986
"B",2007,"two","identical","1:2","normal","normal",1,0,0.2,30,60,0,2000,"boot_bca",0,0.0570000000000001,0.0495,0.0535,0.0535,0.941625837958277,0.057,0.332,0.987
"B",2007,"two","identical","1:2","normal","normal",1,0,0.2,30,60,0,2000,"ref",0,0.0525,0.048,0.0495,0.0495,0.967934939555999,0.0525,0.3095,0.985
"B",2008,"two","identical","balanced","lognormal","lognormal",1,0,0.2,8,8,0,2000,"perm",0,0.052,0.0495,0.0455,0.0495,2.01035895140642,0.052,0.018,0.356
"B",2008,"two","identical","balanced","lognormal","lognormal",1,0,0.2,8,8,0,2000,"boot_stud",0,0.0495,0.0465,0.045,0.0465,2.24550115257103,0.0495,0.0135,0.316
"B",2008,"two","identical","balanced","lognormal","lognormal",1,0,0.2,8,8,0,2000,"boot_bca",0,0.0649999999999999,0.064,0.0535,0.064,1.96342493497295,0.065,0.008,0.3405
"B",2008,"two","identical","balanced","lognormal","lognormal",1,0,0.2,8,8,0,2000,"ref",0,0.039,0.0425,0.0385,0.0425,2.11397325381505,0.039,0.014,0.333
"B",2009,"two","identical","balanced","lognormal","lognormal",1,0,0.2,15,15,0,2000,"perm",0,0.054,0.0465,0.059,0.059,1.40958276385635,0.054,0.0585,0.725
"B",2009,"two","identical","balanced","lognormal","lognormal",1,0,0.2,15,15,0,2000,"boot_stud",0,0.051,0.046,0.0595,0.0595,1.46919771932545,0.051,0.049,0.6995
"B",2009,"two","identical","balanced","lognormal","lognormal",1,0,0.2,15,15,0,2000,"boot_bca",0,0.0585,0.049,0.061,0.061,1.38871504547563,0.0585,0.048,0.7215
"B",2009,"two","identical","balanced","lognormal","lognormal",1,0,0.2,15,15,0,2000,"ref",0,0.051,0.047,0.0545,0.0545,1.43405090662366,0.051,0.052,0.7185
"B",2010,"two","identical","balanced","lognormal","lognormal",1,0,0.2,30,30,0,2000,"perm",0,0.0425,0.0455,0.0435,0.0455,0.947386125847328,0.0425,0.35,0.9835
"B",2010,"two","identical","balanced","lognormal","lognormal",1,0,0.2,30,30,0,2000,"boot_stud",0,0.05,0.0465,0.0455,0.0465,0.958279150131306,0.05,0.3485,0.9785
"B",2010,"two","identical","balanced","lognormal","lognormal",1,0,0.2,30,30,0,2000,"boot_bca",0,0.045,0.0455,0.0485,0.0485,0.944886903584593,0.045,0.347,0.982
"B",2010,"two","identical","balanced","lognormal","lognormal",1,0,0.2,30,30,0,2000,"ref",0,0.04,0.044,0.044,0.044,0.954662592438836,0.04,0.345,0.982
"B",2011,"two","identical","balanced","lognormal","lognormal",1,0,0.2,50,50,0,2000,"perm",0,0.048,0.051,0.044,0.051,0.729744587890219,0.048,0.706,1
"B",2011,"two","identical","balanced","lognormal","lognormal",1,0,0.2,50,50,0,2000,"boot_stud",0,0.046,0.054,0.0475,0.054,0.733778856073997,0.046,0.6975,1
"B",2011,"two","identical","balanced","lognormal","lognormal",1,0,0.2,50,50,0,2000,"boot_bca",0,0.0505,0.0525,0.045,0.0525,0.728265405002049,0.0505,0.706,1
"B",2011,"two","identical","balanced","lognormal","lognormal",1,0,0.2,50,50,0,2000,"ref",0,0.0445,0.051,0.0445,0.051,0.733030960632308,0.0445,0.702,1
"B",2012,"two","identical","1:2","lognormal","lognormal",1,0,0.2,8,16,0,2000,"perm",0,0.046,0.0445,0.06,0.06,1.70283366204989,0.046,0.0315,0.5485
"B",2012,"two","identical","1:2","lognormal","lognormal",1,0,0.2,8,16,0,2000,"boot_stud",0,0.0455,0.0515,0.0595,0.0595,1.85443043342621,0.0455,0.027,0.506
"B",2012,"two","identical","1:2","lognormal","lognormal",1,0,0.2,8,16,0,2000,"boot_bca",0,0.0669999999999999,0.048,0.0705,0.0705,1.64922706579436,0.067,0.025,0.5395
"B",2012,"two","identical","1:2","lognormal","lognormal",1,0,0.2,8,16,0,2000,"ref",0,0.0425,0.0485,0.051,0.051,1.76592817569783,0.0425,0.027,0.5415
"B",2013,"two","identical","1:2","lognormal","lognormal",1,0,0.2,15,30,0,2000,"perm",0,0.047,0.04,0.045,0.045,1.2039703878903,0.047,0.146,0.8785
"B",2013,"two","identical","1:2","lognormal","lognormal",1,0,0.2,15,30,0,2000,"boot_stud",0,0.0485,0.051,0.0425,0.051,1.23959098715091,0.0485,0.1385,0.8605
"B",2013,"two","identical","1:2","lognormal","lognormal",1,0,0.2,15,30,0,2000,"boot_bca",0,0.051,0.047,0.0455,0.047,1.17236430693012,0.051,0.138,0.891
"B",2013,"two","identical","1:2","lognormal","lognormal",1,0,0.2,15,30,0,2000,"ref",0,0.049,0.048,0.042,0.048,1.21020300301337,0.049,0.14,0.885
"B",2014,"two","identical","1:2","lognormal","lognormal",1,0,0.2,30,60,0,2000,"perm",0,0.05,0.051,0.0555,0.0555,0.82676620212568,0.05,0.5395,0.996
"B",2014,"two","identical","1:2","lognormal","lognormal",1,0,0.2,30,60,0,2000,"boot_stud",0,0.0525,0.055,0.053,0.055,0.83496398893638,0.0525,0.534,0.9935
"B",2014,"two","identical","1:2","lognormal","lognormal",1,0,0.2,30,60,0,2000,"boot_bca",0,0.0535,0.056,0.055,0.056,0.815558876076869,0.0535,0.55,0.995
"B",2014,"two","identical","1:2","lognormal","lognormal",1,0,0.2,30,60,0,2000,"ref",0,0.05,0.057,0.0495,0.057,0.827085303834129,0.05,0.542,0.996
"B",2015,"two","identical","balanced","exponential","exponential",1,0,0.2,8,8,0,2000,"perm",0,0.049,0.047,0.048,0.048,1.90648591821699,0.049,0.0325,0.4235
"B",2015,"two","identical","balanced","exponential","exponential",1,0,0.2,8,8,0,2000,"boot_stud",0,0.036,0.0455,0.047,0.047,2.23410038601691,0.036,0.0265,0.3735
"B",2015,"two","identical","balanced","exponential","exponential",1,0,0.2,8,8,0,2000,"boot_bca",0,0.0695,0.0575,0.064,0.064,1.91000758942668,0.0695,0.018,0.375
"B",2015,"two","identical","balanced","exponential","exponential",1,0,0.2,8,8,0,2000,"ref",0,0.0295,0.039,0.0365,0.039,2.05676865588137,0.0295,0.0255,0.3935
"B",2016,"two","identical","balanced","exponential","exponential",1,0,0.2,15,15,0,2000,"perm",0,0.052,0.0565,0.049,0.0565,1.34725793114736,0.052,0.096,0.773
"B",2016,"two","identical","balanced","exponential","exponential",1,0,0.2,15,15,0,2000,"boot_stud",0,0.047,0.0575,0.046,0.0575,1.44162699459846,0.047,0.085,0.72
"B",2016,"two","identical","balanced","exponential","exponential",1,0,0.2,15,15,0,2000,"boot_bca",0,0.0580000000000001,0.058,0.054,0.058,1.36600681625825,0.058,0.0695,0.7545
"B",2016,"two","identical","balanced","exponential","exponential",1,0,0.2,15,15,0,2000,"ref",0,0.0445,0.046,0.0455,0.046,1.39859530799614,0.0445,0.085,0.761
"B",2017,"two","identical","balanced","exponential","exponential",1,0,0.2,30,30,0,2000,"perm",0,0.0570000000000001,0.0495,0.0505,0.0505,0.919349517328861,0.057,0.4005,0.9805
"B",2017,"two","identical","balanced","exponential","exponential",1,0,0.2,30,30,0,2000,"boot_stud",0,0.0665,0.0525,0.053,0.053,0.936908320175301,0.0665,0.3825,0.973
"B",2017,"two","identical","balanced","exponential","exponential",1,0,0.2,30,30,0,2000,"boot_bca",0,0.0600000000000001,0.053,0.049,0.053,0.9321057983247,0.06,0.3885,0.9775
"B",2017,"two","identical","balanced","exponential","exponential",1,0,0.2,30,30,0,2000,"ref",0,0.0545,0.049,0.0465,0.049,0.934828270735938,0.0545,0.397,0.979
"B",2018,"two","identical","balanced","exponential","exponential",1,0,0.2,50,50,0,2000,"perm",0,0.0535,0.0525,0.0445,0.0525,0.708287578849979,0.0535,0.732,0.999
"B",2018,"two","identical","balanced","exponential","exponential",1,0,0.2,50,50,0,2000,"boot_stud",0,0.0585,0.0555,0.051,0.0555,0.714867438751463,0.0585,0.7095,0.999
"B",2018,"two","identical","balanced","exponential","exponential",1,0,0.2,50,50,0,2000,"boot_bca",0,0.0515,0.0545,0.0475,0.0545,0.714058162810471,0.0515,0.7195,1
"B",2018,"two","identical","balanced","exponential","exponential",1,0,0.2,50,50,0,2000,"ref",0,0.0485,0.0525,0.0445,0.0525,0.716191985022669,0.0485,0.7305,0.9995
"B",2019,"two","identical","1:2","exponential","exponential",1,0,0.2,8,16,0,2000,"perm",0,0.0580000000000001,0.0495,0.0495,0.0495,1.65467692962057,0.058,0.0515,0.5725
"B",2019,"two","identical","1:2","exponential","exponential",1,0,0.2,8,16,0,2000,"boot_stud",0,0.054,0.0605,0.048,0.0605,1.88754866747257,0.054,0.047,0.517
"B",2019,"two","identical","1:2","exponential","exponential",1,0,0.2,8,16,0,2000,"boot_bca",0,0.08,0.062,0.069,0.069,1.64737466061109,0.08,0.0285,0.534
"B",2019,"two","identical","1:2","exponential","exponential",1,0,0.2,8,16,0,2000,"ref",0,0.046,0.052,0.0425,0.052,1.76151574842436,0.046,0.045,0.5605
"B",2020,"two","identical","1:2","exponential","exponential",1,0,0.2,15,30,0,2000,"perm",0,0.0495,0.039,0.053,0.053,1.17722667393559,0.0495,0.1855,0.878
"B",2020,"two","identical","1:2","exponential","exponential",1,0,0.2,15,30,0,2000,"boot_stud",0,0.0535,0.0565,0.0495,0.0565,1.22688708486013,0.0535,0.1725,0.838
"B",2020,"two","identical","1:2","exponential","exponential",1,0,0.2,15,30,0,2000,"boot_bca",0,0.053,0.051,0.054,0.054,1.15721335153924,0.053,0.1615,0.8855
"B",2020,"two","identical","1:2","exponential","exponential",1,0,0.2,15,30,0,2000,"ref",0,0.0485,0.052,0.0415,0.052,1.19403663306746,0.0485,0.1725,0.886
"B",2021,"two","identical","1:2","exponential","exponential",1,0,0.2,30,60,0,2000,"perm",0,0.055,0.0505,0.0545,0.0545,0.809920328961583,0.055,0.582,0.9925
"B",2021,"two","identical","1:2","exponential","exponential",1,0,0.2,30,60,0,2000,"boot_stud",0,0.0575,0.0585,0.0525,0.0585,0.820629400067193,0.0575,0.568,0.9885
"B",2021,"two","identical","1:2","exponential","exponential",1,0,0.2,30,60,0,2000,"boot_bca",0,0.0605,0.0575,0.054,0.0575,0.803281757946382,0.0605,0.5815,0.9925
"B",2021,"two","identical","1:2","exponential","exponential",1,0,0.2,30,60,0,2000,"ref",0,0.0555,0.059,0.0455,0.059,0.813779485365546,0.0555,0.5825,0.9925
"B",2022,"two","identical","balanced","t3","t3",1,0,0.2,8,8,0,2000,"perm",0,0.046,0.0475,0.05,0.05,1.60972709036931,0.046,0.04,0.608
"B",2022,"two","identical","balanced","t3","t3",1,0,0.2,8,8,0,2000,"boot_stud",0,0.0495,0.049,0.052,0.052,1.76195697004907,0.0495,0.0345,0.553
"B",2022,"two","identical","balanced","t3","t3",1,0,0.2,8,8,0,2000,"boot_bca",0,0.0505,0.0465,0.047,0.047,1.73917369633818,0.0505,0.0275,0.542
"B",2022,"two","identical","balanced","t3","t3",1,0,0.2,8,8,0,2000,"ref",0,0.0395,0.0415,0.0435,0.0435,1.70044805685578,0.0395,0.0315,0.591
"B",2023,"two","identical","balanced","t3","t3",1,0,0.2,15,15,0,2000,"perm",0,0.0505,0.0575,0.0405,0.0575,1.10945522981297,0.0505,0.2135,0.937
"B",2023,"two","identical","balanced","t3","t3",1,0,0.2,15,15,0,2000,"boot_stud",0,0.056,0.059,0.04,0.059,1.1376646423168,0.056,0.2085,0.926
"B",2023,"two","identical","balanced","t3","t3",1,0,0.2,15,15,0,2000,"boot_bca",0,0.046,0.052,0.0415,0.052,1.13754430863939,0.046,0.169,0.9335
"B",2023,"two","identical","balanced","t3","t3",1,0,0.2,15,15,0,2000,"ref",0,0.0465,0.059,0.038,0.059,1.12540451573069,0.0465,0.2015,0.9355
"B",2024,"two","identical","balanced","t3","t3",1,0,0.2,30,30,0,2000,"perm",0,0.047,0.0375,0.051,0.051,0.754746687468041,0.047,0.677,0.999
"B",2024,"two","identical","balanced","t3","t3",1,0,0.2,30,30,0,2000,"boot_stud",0,0.048,0.04,0.051,0.051,0.759251505128324,0.048,0.6755,0.998
"B",2024,"two","identical","balanced","t3","t3",1,0,0.2,30,30,0,2000,"boot_bca",0,0.05,0.0395,0.0485,0.0485,0.759464644549037,0.05,0.675,0.999
"B",2024,"two","identical","balanced","t3","t3",1,0,0.2,30,30,0,2000,"ref",0,0.0465,0.038,0.0505,0.0505,0.757982120928985,0.0465,0.6765,0.999
"B",2025,"two","identical","balanced","t3","t3",1,0,0.2,50,50,0,2000,"perm",0,0.05,0.055,0.048,0.055,0.572997571925982,0.05,0.912,1
"B",2025,"two","identical","balanced","t3","t3",1,0,0.2,50,50,0,2000,"boot_stud",0,0.05,0.0535,0.0475,0.0535,0.574584437360795,0.05,0.912,1
"B",2025,"two","identical","balanced","t3","t3",1,0,0.2,50,50,0,2000,"boot_bca",0,0.0525,0.054,0.0505,0.054,0.574942352815165,0.0525,0.912,1
"B",2025,"two","identical","balanced","t3","t3",1,0,0.2,50,50,0,2000,"ref",0,0.05,0.053,0.047,0.053,0.574364231908772,0.05,0.9125,1
"B",2026,"two","identical","1:2","t3","t3",1,0,0.2,8,16,0,2000,"perm",0,0.0505,0.046,0.055,0.055,1.38075028334264,0.0505,0.0985,0.774
"B",2026,"two","identical","1:2","t3","t3",1,0,0.2,8,16,0,2000,"boot_stud",0,0.0555,0.045,0.057,0.057,1.47395354501931,0.0555,0.1045,0.7305
"B",2026,"two","identical","1:2","t3","t3",1,0,0.2,8,16,0,2000,"boot_bca",0,0.0580000000000001,0.0455,0.049,0.049,1.44485541768013,0.058,0.0775,0.738
"B",2026,"two","identical","1:2","t3","t3",1,0,0.2,8,16,0,2000,"ref",0,0.0445,0.0415,0.05,0.05,1.44202002203682,0.0445,0.093,0.7565
"B",2027,"two","identical","1:2","t3","t3",1,0,0.2,15,30,0,2000,"perm",0,0.049,0.05,0.047,0.05,0.956955007964863,0.049,0.383,0.9745
"B",2027,"two","identical","1:2","t3","t3",1,0,0.2,15,30,0,2000,"boot_stud",0,0.052,0.0515,0.0475,0.0515,0.978030996958668,0.052,0.3655,0.9675
"B",2027,"two","identical","1:2","t3","t3",1,0,0.2,15,30,0,2000,"boot_bca",0,0.046,0.048,0.0455,0.048,0.968444076116862,0.046,0.3585,0.9755
"B",2027,"two","identical","1:2","t3","t3",1,0,0.2,15,30,0,2000,"ref",0,0.048,0.049,0.0435,0.049,0.968975537713852,0.048,0.3735,0.9755
"B",2028,"two","identical","1:2","t3","t3",1,0,0.2,30,60,0,2000,"perm",0,0.0485,0.048,0.054,0.054,0.645203643548877,0.0485,0.838,1
"B",2028,"two","identical","1:2","t3","t3",1,0,0.2,30,60,0,2000,"boot_stud",0,0.051,0.048,0.0525,0.0525,0.64978482080989,0.051,0.83,1
"B",2028,"two","identical","1:2","t3","t3",1,0,0.2,30,60,0,2000,"boot_bca",0,0.048,0.0435,0.0535,0.0535,0.645125803502133,0.048,0.8385,1
"B",2028,"two","identical","1:2","t3","t3",1,0,0.2,30,60,0,2000,"ref",0,0.047,0.046,0.0545,0.0545,0.648283162864483,0.047,0.8345,1
"B",2029,"two","identical","balanced","contaminated","contaminated",1,0,0.2,8,8,0,2000,"perm",0,0.0585,0.0515,0.0495,0.0515,1.45287605896099,0.0585,0.065,0.7395
"B",2029,"two","identical","balanced","contaminated","contaminated",1,0,0.2,8,8,0,2000,"boot_stud",0,0.0595,0.0535,0.0495,0.0535,1.62841145433421,0.0595,0.061,0.697
"B",2029,"two","identical","balanced","contaminated","contaminated",1,0,0.2,8,8,0,2000,"boot_bca",0,0.0545,0.0515,0.0435,0.0515,1.70663063703836,0.0545,0.047,0.5825
"B",2029,"two","identical","balanced","contaminated","contaminated",1,0,0.2,8,8,0,2000,"ref",0,0.045,0.0465,0.0445,0.0465,1.553642119159,0.045,0.057,0.727
"B",2030,"two","identical","balanced","contaminated","contaminated",1,0,0.2,15,15,0,2000,"perm",0,0.0505,0.053,0.0455,0.053,1.00368286749837,0.0505,0.3185,0.974
"B",2030,"two","identical","balanced","contaminated","contaminated",1,0,0.2,15,15,0,2000,"boot_stud",0,0.0505,0.051,0.0445,0.051,1.01665996143493,0.0505,0.314,0.9725
"B",2030,"two","identical","balanced","contaminated","contaminated",1,0,0.2,15,15,0,2000,"boot_bca",0,0.043,0.041,0.0415,0.0415,1.03834832867575,0.043,0.3045,0.9635
"B",2030,"two","identical","balanced","contaminated","contaminated",1,0,0.2,15,15,0,2000,"ref",0,0.049,0.0495,0.0465,0.0495,1.00508116784193,0.049,0.318,0.974
"B",2031,"two","identical","balanced","contaminated","contaminated",1,0,0.2,30,30,0,2000,"perm",0,0.0505,0.0565,0.05,0.0565,0.674825477221797,0.0505,0.791,0.9995
"B",2031,"two","identical","balanced","contaminated","contaminated",1,0,0.2,30,30,0,2000,"boot_stud",0,0.052,0.056,0.0505,0.056,0.676955950872767,0.052,0.7845,0.9995
"B",2031,"two","identical","balanced","contaminated","contaminated",1,0,0.2,30,30,0,2000,"boot_bca",0,0.0505,0.0555,0.0515,0.0555,0.673110032036847,0.0505,0.786,0.9995
"B",2031,"two","identical","balanced","contaminated","contaminated",1,0,0.2,30,30,0,2000,"ref",0,0.049,0.0565,0.051,0.0565,0.674964520215549,0.049,0.795,0.9995
"B",2032,"two","identical","balanced","contaminated","contaminated",1,0,0.2,50,50,0,2000,"perm",0,0.044,0.04,0.051,0.051,0.514497427051782,0.044,0.9715,1
"B",2032,"two","identical","balanced","contaminated","contaminated",1,0,0.2,50,50,0,2000,"boot_stud",0,0.045,0.0375,0.0495,0.0495,0.515583122257958,0.045,0.971,1
"B",2032,"two","identical","balanced","contaminated","contaminated",1,0,0.2,50,50,0,2000,"boot_bca",0,0.0425,0.037,0.053,0.053,0.510978003464599,0.0425,0.971,1
"B",2032,"two","identical","balanced","contaminated","contaminated",1,0,0.2,50,50,0,2000,"ref",0,0.045,0.04,0.0495,0.0495,0.514005832922764,0.045,0.971,1
"B",2033,"two","identical","1:2","contaminated","contaminated",1,0,0.2,8,16,0,2000,"perm",0,0.0435,0.044,0.0465,0.0465,1.23282198494702,0.0435,0.1685,0.8765
"B",2033,"two","identical","1:2","contaminated","contaminated",1,0,0.2,8,16,0,2000,"boot_stud",0,0.0495,0.0495,0.0505,0.0505,1.31127835622456,0.0495,0.1625,0.8535
"B",2033,"two","identical","1:2","contaminated","contaminated",1,0,0.2,8,16,0,2000,"boot_bca",0,0.047,0.041,0.048,0.048,1.37202725160358,0.047,0.1375,0.7725
"B",2033,"two","identical","1:2","contaminated","contaminated",1,0,0.2,8,16,0,2000,"ref",0,0.043,0.0445,0.0475,0.0475,1.27911357383036,0.043,0.159,0.873
"B",2034,"two","identical","1:2","contaminated","contaminated",1,0,0.2,15,30,0,2000,"perm",0,0.052,0.05,0.056,0.056,0.8586451459784,0.052,0.528,0.9935
"B",2034,"two","identical","1:2","contaminated","contaminated",1,0,0.2,15,30,0,2000,"boot_stud",0,0.0555,0.0525,0.058,0.058,0.869263198361097,0.0555,0.5175,0.9905
"B",2034,"two","identical","1:2","contaminated","contaminated",1,0,0.2,15,30,0,2000,"boot_bca",0,0.048,0.0445,0.0565,0.0565,0.870075114502629,0.048,0.5115,0.9875
"B",2034,"two","identical","1:2","contaminated","contaminated",1,0,0.2,15,30,0,2000,"ref",0,0.053,0.047,0.0555,0.0555,0.859261660994046,0.053,0.5305,0.992
"B",2035,"two","identical","1:2","contaminated","contaminated",1,0,0.2,30,60,0,2000,"perm",0,0.051,0.0515,0.047,0.0515,0.587059138396543,0.051,0.909,1
"B",2035,"two","identical","1:2","contaminated","contaminated",1,0,0.2,30,60,0,2000,"boot_stud",0,0.048,0.0505,0.048,0.0505,0.589704102756769,0.048,0.9095,1
"B",2035,"two","identical","1:2","contaminated","contaminated",1,0,0.2,30,60,0,2000,"boot_bca",0,0.0495,0.05,0.048,0.05,0.58137629970739,0.0495,0.916,1
"B",2035,"two","identical","1:2","contaminated","contaminated",1,0,0.2,30,60,0,2000,"ref",0,0.0525,0.0505,0.0465,0.0505,0.586195796168831,0.0525,0.912,1
"B",2036,"two","unequal SD","balanced","normal","normal",2,0,0.2,8,8,0,2000,"perm",0,0.0600000000000001,0.047,0.055,0.055,3.50462816418935,0.06,5e-04,0.022
"B",2036,"two","unequal SD","balanced","normal","normal",2,0,0.2,8,8,0,2000,"boot_stud",0,0.043,0.038,0.0495,0.0495,4.06875817308987,0.043,0,0.017
"B",2036,"two","unequal SD","balanced","normal","normal",2,0,0.2,8,8,0,2000,"boot_bca",0,0.0605,0.0555,0.064,0.064,3.20216246049534,0.0605,0,0.016
"B",2036,"two","unequal SD","balanced","normal","normal",2,0,0.2,8,8,0,2000,"ref",0,0.051,0.042,0.0495,0.0495,3.73221748174871,0.051,0,0.0175
"B",2037,"two","unequal SD","balanced","normal","normal",2,0,0.2,15,15,0,2000,"perm",0,0.0580000000000001,0.052,0.0505,0.052,2.57073214406378,0.058,0,0.076
"B",2037,"two","unequal SD","balanced","normal","normal",2,0,0.2,15,15,0,2000,"boot_stud",0,0.0475,0.047,0.046,0.047,2.78792593525002,0.0475,0,0.074
"B",2037,"two","unequal SD","balanced","normal","normal",2,0,0.2,15,15,0,2000,"boot_bca",0,0.0525,0.055,0.0535,0.055,2.43910703931216,0.0525,0,0.0855
"B",2037,"two","unequal SD","balanced","normal","normal",2,0,0.2,15,15,0,2000,"ref",0,0.0525,0.0475,0.047,0.0475,2.64934157897679,0.0525,0,0.076
"B",2038,"two","unequal SD","balanced","normal","normal",2,0,0.2,30,30,0,2000,"perm",0,0.0455,0.0515,0.046,0.0515,1.76014340620688,0.0455,5e-04,0.4545
"B",2038,"two","unequal SD","balanced","normal","normal",2,0,0.2,30,30,0,2000,"boot_stud",0,0.038,0.0495,0.044,0.0495,1.81527334581404,0.038,0.001,0.418
"B",2038,"two","unequal SD","balanced","normal","normal",2,0,0.2,30,30,0,2000,"boot_bca",0,0.048,0.0515,0.0485,0.0515,1.72081078427329,0.048,0,0.4645
"B",2038,"two","unequal SD","balanced","normal","normal",2,0,0.2,30,30,0,2000,"ref",0,0.0435,0.0495,0.0425,0.0495,1.78606661817343,0.0435,5e-04,0.442
"B",2039,"two","unequal SD","balanced","normal","normal",2,0,0.2,50,50,0,2000,"perm",0,0.056,0.05,0.0495,0.05,1.3455240981905,0.056,0.014,0.791
"B",2039,"two","unequal SD","balanced","normal","normal",2,0,0.2,50,50,0,2000,"boot_stud",0,0.0525,0.05,0.0485,0.05,1.36911426280305,0.0525,0.0115,0.781
"B",2039,"two","unequal SD","balanced","normal","normal",2,0,0.2,50,50,0,2000,"boot_bca",0,0.052,0.052,0.0475,0.052,1.32656164675266,0.052,0.0125,0.797
"B",2039,"two","unequal SD","balanced","normal","normal",2,0,0.2,50,50,0,2000,"ref",0,0.0525,0.0505,0.0495,0.0505,1.35680215438915,0.0525,0.0135,0.7865
"B",2040,"two","unequal SD","x smaller (1:2)","normal","normal",2,0,0.2,8,16,0,2000,"perm",0,0.0705,0.063,0.0685,0.0685,3.27667452980194,0.0705,0,0.0365
"B",2040,"two","unequal SD","x smaller (1:2)","normal","normal",2,0,0.2,8,16,0,2000,"boot_stud",0,0.056,0.052,0.053,0.053,3.99642769110391,0.056,0,0.0355
"B",2040,"two","unequal SD","x smaller (1:2)","normal","normal",2,0,0.2,8,16,0,2000,"boot_bca",0,0.0795,0.061,0.066,0.066,3.02384315679231,0.0795,0,0.0335
"B",2040,"two","unequal SD","x smaller (1:2)","normal","normal",2,0,0.2,8,16,0,2000,"ref",0,0.0555,0.054,0.0565,0.0565,3.58310134341896,0.0555,0,0.034
"B",2041,"two","unequal SD","x smaller (1:2)","normal","normal",2,0,0.2,15,30,0,2000,"perm",0,0.0645,0.0605,0.0585,0.0605,2.43827041950439,0.0645,5e-04,0.1215
"B",2041,"two","unequal SD","x smaller (1:2)","normal","normal",2,0,0.2,15,30,0,2000,"boot_stud",0,0.0505,0.0535,0.046,0.0535,2.73106610849961,0.0505,5e-04,0.1025
"B",2041,"two","unequal SD","x smaller (1:2)","normal","normal",2,0,0.2,15,30,0,2000,"boot_bca",0,0.0620000000000001,0.0545,0.0555,0.0555,2.30939546045831,0.062,5e-04,0.133
"B",2041,"two","unequal SD","x smaller (1:2)","normal","normal",2,0,0.2,15,30,0,2000,"ref",0,0.0565,0.0555,0.05,0.0555,2.55998229983893,0.0565,5e-04,0.1075
"B",2042,"two","unequal SD","x smaller (1:2)","normal","normal",2,0,0.2,30,60,0,2000,"perm",0,0.0615,0.057,0.068,0.068,1.67217104429254,0.0615,0.002,0.497
"B",2042,"two","unequal SD","x smaller (1:2)","normal","normal",2,0,0.2,30,60,0,2000,"boot_stud",0,0.0495,0.048,0.0585,0.0585,1.74956806412403,0.0495,0.003,0.472
"B",2042,"two","unequal SD","x smaller (1:2)","normal","normal",2,0,0.2,30,60,0,2000,"boot_bca",0,0.0629999999999999,0.0535,0.064,0.064,1.62672247634643,0.063,0.001,0.53
"B",2042,"two","unequal SD","x smaller (1:2)","normal","normal",2,0,0.2,30,60,0,2000,"ref",0,0.0570000000000001,0.051,0.0615,0.0615,1.70686071593453,0.057,0.002,0.4875
"B",2043,"two","unequal SD","x larger (2:1)","normal","normal",2,0,0.2,16,8,0,2000,"perm",0,0.042,0.041,0.05,0.05,2.82112863175798,0.042,5e-04,0.0455
"B",2043,"two","unequal SD","x larger (2:1)","normal","normal",2,0,0.2,16,8,0,2000,"boot_stud",0,0.0415,0.0405,0.0495,0.0495,2.86311984154116,0.0415,5e-04,0.044
"B",2043,"two","unequal SD","x larger (2:1)","normal","normal",2,0,0.2,16,8,0,2000,"boot_bca",0,0.0575,0.051,0.0585,0.0585,2.55486216446363,0.0575,0,0.052
"B",2043,"two","unequal SD","x larger (2:1)","normal","normal",2,0,0.2,16,8,0,2000,"ref",0,0.044,0.0445,0.054,0.054,2.76672726609481,0.044,0,0.0475
"B",2044,"two","unequal SD","x larger (2:1)","normal","normal",2,0,0.2,30,15,0,2000,"perm",0,0.0405,0.039,0.042,0.042,2.00446622348831,0.0405,5e-04,0.2875
"B",2044,"two","unequal SD","x larger (2:1)","normal","normal",2,0,0.2,30,15,0,2000,"boot_stud",0,0.044,0.0425,0.0465,0.0465,1.99094724749146,0.044,5e-04,0.289
"B",2044,"two","unequal SD","x larger (2:1)","normal","normal",2,0,0.2,30,15,0,2000,"boot_bca",0,0.049,0.05,0.0505,0.0505,1.88974333549919,0.049,0,0.325
"B",2044,"two","unequal SD","x larger (2:1)","normal","normal",2,0,0.2,30,15,0,2000,"ref",0,0.0435,0.045,0.047,0.047,1.95945543368856,0.0435,5e-04,0.2965
"B",2045,"two","unequal SD","x larger (2:1)","normal","normal",2,0,0.2,60,30,0,2000,"perm",0,0.0445,0.0445,0.042,0.0445,1.37287997521332,0.0445,0.0095,0.799
"B",2045,"two","unequal SD","x larger (2:1)","normal","normal",2,0,0.2,60,30,0,2000,"boot_stud",0,0.0435,0.048,0.0415,0.048,1.36549438230202,0.0435,0.0125,0.797
"B",2045,"two","unequal SD","x larger (2:1)","normal","normal",2,0,0.2,60,30,0,2000,"boot_bca",0,0.049,0.0525,0.046,0.0525,1.33377408660384,0.049,0.011,0.8035
"B",2045,"two","unequal SD","x larger (2:1)","normal","normal",2,0,0.2,60,30,0,2000,"ref",0,0.046,0.051,0.0435,0.051,1.35626098002374,0.046,0.0115,0.7995
"B",2046,"two","unequal SD","balanced","lognormal","lognormal",2,0,0.2,8,8,-0.175683816146382,2000,"perm",0,0.0580000000000001,0.0655,0.0445,0.0655,3.04663661519242,0.0805,0,0.051
"B",2046,"two","unequal SD","balanced","lognormal","lognormal",2,0,0.2,8,8,-0.175683816146382,2000,"boot_stud",0,0.055,0.06,0.0415,0.06,3.75656828625433,0.069,0,0.0415
"B",2046,"two","unequal SD","balanced","lognormal","lognormal",2,0,0.2,8,8,-0.175683816146382,2000,"boot_bca",0,0.0725,0.061,0.0575,0.061,3.05097658487899,0.0815,0,0.0325
"B",2046,"two","unequal SD","balanced","lognormal","lognormal",2,0,0.2,8,8,-0.175683816146382,2000,"ref",0,0.05,0.059,0.032,0.059,3.37154884454201,0.0665,0,0.038
"B",2047,"two","unequal SD","balanced","lognormal","lognormal",2,0,0.2,15,15,-0.175683816146382,2000,"perm",0,0.0675,0.072,0.048,0.072,2.16704720613705,0.094,0.0025,0.1945
"B",2047,"two","unequal SD","balanced","lognormal","lognormal",2,0,0.2,15,15,-0.175683816146382,2000,"boot_stud",0,0.0625,0.068,0.0505,0.068,2.39480833254919,0.086,0.002,0.1865
"B",2047,"two","unequal SD","balanced","lognormal","lognormal",2,0,0.2,15,15,-0.175683816146382,2000,"boot_bca",0,0.0580000000000001,0.0625,0.0565,0.0625,2.16880940073853,0.076,5e-04,0.1825
"B",2047,"two","unequal SD","balanced","lognormal","lognormal",2,0,0.2,15,15,-0.175683816146382,2000,"ref",0,0.0615,0.073,0.041,0.073,2.27748051189426,0.0865,0.002,0.1745
"B",2048,"two","unequal SD","balanced","lognormal","lognormal",2,0,0.2,30,30,-0.175683816146382,2000,"perm",0,0.053,0.0655,0.0385,0.0655,1.48527219863101,0.0965,0.011,0.614
"B",2048,"two","unequal SD","balanced","lognormal","lognormal",2,0,0.2,30,30,-0.175683816146382,2000,"boot_stud",0,0.0505,0.0535,0.0415,0.0535,1.55454945412513,0.0815,0.0095,0.5945
"B",2048,"two","unequal SD","balanced","lognormal","lognormal",2,0,0.2,30,30,-0.175683816146382,2000,"boot_bca",0,0.0525,0.0525,0.043,0.0525,1.48631719008766,0.0845,0.006,0.624
"B",2048,"two","unequal SD","balanced","lognormal","lognormal",2,0,0.2,30,30,-0.175683816146382,2000,"ref",0,0.048,0.0625,0.037,0.0625,1.5248257500344,0.0915,0.009,0.5965
"B",2049,"two","unequal SD","balanced","lognormal","lognormal",2,0,0.2,50,50,-0.175683816146382,2000,"perm",0,0.055,0.058,0.047,0.058,1.14197252393489,0.1105,0.065,0.885
"B",2049,"two","unequal SD","balanced","lognormal","lognormal",2,0,0.2,50,50,-0.175683816146382,2000,"boot_stud",0,0.0535,0.0495,0.0525,0.0525,1.16990297075558,0.097,0.068,0.888
"B",2049,"two","unequal SD","balanced","lognormal","lognormal",2,0,0.2,50,50,-0.175683816146382,2000,"boot_bca",0,0.0565,0.0495,0.05,0.05,1.1431888068112,0.0965,0.0695,0.891
"B",2049,"two","unequal SD","balanced","lognormal","lognormal",2,0,0.2,50,50,-0.175683816146382,2000,"ref",0,0.0515,0.0585,0.044,0.0585,1.15929737923789,0.107,0.0605,0.882
"B",2050,"two","unequal SD","x smaller (1:2)","lognormal","lognormal",2,0,0.2,8,16,-0.175683816146382,2000,"perm",0,0.0725,0.074,0.0505,0.074,2.90577032954165,0.098,0.001,0.082
"B",2050,"two","unequal SD","x smaller (1:2)","lognormal","lognormal",2,0,0.2,8,16,-0.175683816146382,2000,"boot_stud",0,0.0600000000000001,0.0635,0.045,0.0635,3.81297832926205,0.0775,0.0015,0.0655
"B",2050,"two","unequal SD","x smaller (1:2)","lognormal","lognormal",2,0,0.2,8,16,-0.175683816146382,2000,"boot_bca",0,0.0785,0.0565,0.063,0.063,2.90165501707689,0.0845,0,0.0625
"B",2050,"two","unequal SD","x smaller (1:2)","lognormal","lognormal",2,0,0.2,8,16,-0.175683816146382,2000,"ref",0,0.0585,0.07,0.0355,0.07,3.27772546238099,0.078,0.001,0.068
"B",2051,"two","unequal SD","x smaller (1:2)","lognormal","lognormal",2,0,0.2,15,30,-0.175683816146382,2000,"perm",0,0.072,0.0765,0.048,0.0765,2.0457548531961,0.1035,0.0015,0.2645
"B",2051,"two","unequal SD","x smaller (1:2)","lognormal","lognormal",2,0,0.2,15,30,-0.175683816146382,2000,"boot_stud",0,0.0639999999999999,0.064,0.038,0.064,2.34619167580642,0.0805,0.0015,0.218
"B",2051,"two","unequal SD","x smaller (1:2)","lognormal","lognormal",2,0,0.2,15,30,-0.175683816146382,2000,"boot_bca",0,0.0535,0.068,0.049,0.068,2.01496837110187,0.085,0.001,0.262
"B",2051,"two","unequal SD","x smaller (1:2)","lognormal","lognormal",2,0,0.2,15,30,-0.175683816146382,2000,"ref",0,0.0629999999999999,0.0755,0.0315,0.0755,2.17343980556341,0.0905,0.001,0.222
"B",2052,"two","unequal SD","x smaller (1:2)","lognormal","lognormal",2,0,0.2,30,60,-0.175683816146382,2000,"perm",0,0.0535,0.053,0.048,0.053,1.41617769631817,0.0885,0.018,0.6955
"B",2052,"two","unequal SD","x smaller (1:2)","lognormal","lognormal",2,0,0.2,30,60,-0.175683816146382,2000,"boot_stud",0,0.0495,0.045,0.048,0.048,1.50259444826856,0.068,0.0155,0.674
"B",2052,"two","unequal SD","x smaller (1:2)","lognormal","lognormal",2,0,0.2,30,60,-0.175683816146382,2000,"boot_bca",0,0.0535,0.0475,0.0495,0.0495,1.40409390315616,0.0785,0.0145,0.712
"B",2052,"two","unequal SD","x smaller (1:2)","lognormal","lognormal",2,0,0.2,30,60,-0.175683816146382,2000,"ref",0,0.051,0.0545,0.0385,0.0545,1.45545218871605,0.0835,0.0185,0.67
"B",2053,"two","unequal SD","x larger (2:1)","lognormal","lognormal",2,0,0.2,16,8,-0.175683816146382,2000,"perm",0,0.0455,0.0505,0.04,0.0505,2.42642078865174,0.055,0.001,0.135
"B",2053,"two","unequal SD","x larger (2:1)","lognormal","lognormal",2,0,0.2,16,8,-0.175683816146382,2000,"boot_stud",0,0.0475,0.0535,0.0455,0.0535,2.53197049488998,0.0605,0.001,0.139
"B",2053,"two","unequal SD","x larger (2:1)","lognormal","lognormal",2,0,0.2,16,8,-0.175683816146382,2000,"boot_bca",0,0.055,0.0585,0.051,0.0585,2.35006042067088,0.072,5e-04,0.1445
"B",2053,"two","unequal SD","x larger (2:1)","lognormal","lognormal",2,0,0.2,16,8,-0.175683816146382,2000,"ref",0,0.0425,0.052,0.0435,0.052,2.44698906097224,0.0575,0.001,0.137
"B",2054,"two","unequal SD","x larger (2:1)","lognormal","lognormal",2,0,0.2,30,15,-0.175683816146382,2000,"perm",0,0.036,0.0485,0.036,0.0485,1.71531107840502,0.0605,0.004,0.442
"B",2054,"two","unequal SD","x larger (2:1)","lognormal","lognormal",2,0,0.2,30,15,-0.175683816146382,2000,"boot_stud",0,0.041,0.0465,0.0525,0.0525,1.71416710490658,0.0595,0.0035,0.4665
"B",2054,"two","unequal SD","x larger (2:1)","lognormal","lognormal",2,0,0.2,30,15,-0.175683816146382,2000,"boot_bca",0,0.0465,0.0445,0.054,0.054,1.67061912944913,0.0645,0.0025,0.4835
"B",2054,"two","unequal SD","x larger (2:1)","lognormal","lognormal",2,0,0.2,30,15,-0.175683816146382,2000,"ref",0,0.041,0.0465,0.0485,0.0485,1.6967056835092,0.0645,0.0035,0.463
"B",2055,"two","unequal SD","x larger (2:1)","lognormal","lognormal",2,0,0.2,60,30,-0.175683816146382,2000,"perm",0,0.047,0.057,0.0455,0.057,1.17007216265277,0.0975,0.071,0.86
"B",2055,"two","unequal SD","x larger (2:1)","lognormal","lognormal",2,0,0.2,60,30,-0.175683816146382,2000,"boot_stud",0,0.056,0.0535,0.0555,0.0555,1.16609040981116,0.097,0.078,0.871
"B",2055,"two","unequal SD","x larger (2:1)","lognormal","lognormal",2,0,0.2,60,30,-0.175683816146382,2000,"boot_bca",0,0.0545,0.0515,0.0555,0.0555,1.15906047523379,0.095,0.079,0.877
"B",2055,"two","unequal SD","x larger (2:1)","lognormal","lognormal",2,0,0.2,60,30,-0.175683816146382,2000,"ref",0,0.051,0.055,0.05,0.055,1.16363769581034,0.0965,0.071,0.8705
"B",2056,"two","unequal SD","balanced","exponential","exponential",2,0,0.2,8,8,-0.238954569059087,2000,"perm",0,0.0620000000000001,0.0735,0.0375,0.0735,2.94848130929206,0.105,0.002,0.077
"B",2056,"two","unequal SD","balanced","exponential","exponential",2,0,0.2,8,8,-0.238954569059087,2000,"boot_stud",0,0.0555,0.076,0.0305,0.076,3.9350038579326,0.091,0.001,0.0565
"B",2056,"two","unequal SD","balanced","exponential","exponential",2,0,0.2,8,8,-0.238954569059087,2000,"boot_bca",0,0.0715,0.0685,0.0535,0.0685,3.01406968212473,0.1035,0,0.057
"B",2056,"two","unequal SD","balanced","exponential","exponential",2,0,0.2,8,8,-0.238954569059087,2000,"ref",0,0.0495,0.069,0.0265,0.069,3.34470396476086,0.087,0.0015,0.0575
"B",2057,"two","unequal SD","balanced","exponential","exponential",2,0,0.2,15,15,-0.238954569059087,2000,"perm",0,0.0575,0.068,0.036,0.068,2.09370781299532,0.1095,0.002,0.2165
"B",2057,"two","unequal SD","balanced","exponential","exponential",2,0,0.2,15,15,-0.238954569059087,2000,"boot_stud",0,0.05,0.06,0.0365,0.06,2.41364454157837,0.0835,0.0015,0.185
"B",2057,"two","unequal SD","balanced","exponential","exponential",2,0,0.2,15,15,-0.238954569059087,2000,"boot_bca",0,0.0515,0.0545,0.042,0.0545,2.14193300198388,0.081,0,0.198
"B",2057,"two","unequal SD","balanced","exponential","exponential",2,0,0.2,15,15,-0.238954569059087,2000,"ref",0,0.051,0.064,0.0275,0.064,2.24769931051893,0.094,0.001,0.178
"B",2058,"two","unequal SD","balanced","exponential","exponential",2,0,0.2,30,30,-0.238954569059087,2000,"perm",0,0.054,0.059,0.044,0.059,1.44272220849484,0.129,0.009,0.611
"B",2058,"two","unequal SD","balanced","exponential","exponential",2,0,0.2,30,30,-0.238954569059087,2000,"boot_stud",0,0.05,0.0495,0.0445,0.0495,1.53711261503935,0.1,0.0085,0.588
"B",2058,"two","unequal SD","balanced","exponential","exponential",2,0,0.2,30,30,-0.238954569059087,2000,"boot_bca",0,0.047,0.048,0.047,0.048,1.46613984674067,0.0995,0.005,0.621
"B",2058,"two","unequal SD","balanced","exponential","exponential",2,0,0.2,30,30,-0.238954569059087,2000,"ref",0,0.049,0.0535,0.0385,0.0535,1.497923574255,0.1185,0.006,0.589
"B",2059,"two","unequal SD","balanced","exponential","exponential",2,0,0.2,50,50,-0.238954569059087,2000,"perm",0,0.0580000000000001,0.066,0.048,0.066,1.10841501690098,0.1785,0.0585,0.8595
"B",2059,"two","unequal SD","balanced","exponential","exponential",2,0,0.2,50,50,-0.238954569059087,2000,"boot_stud",0,0.055,0.0575,0.0545,0.0575,1.1530155450607,0.143,0.0595,0.87
"B",2059,"two","unequal SD","balanced","exponential","exponential",2,0,0.2,50,50,-0.238954569059087,2000,"boot_bca",0,0.0555,0.058,0.0505,0.058,1.12619493143121,0.146,0.0615,0.87
"B",2059,"two","unequal SD","balanced","exponential","exponential",2,0,0.2,50,50,-0.238954569059087,2000,"ref",0,0.0570000000000001,0.066,0.0455,0.066,1.136573470478,0.168,0.053,0.8565
"B",2060,"two","unequal SD","x smaller (1:2)","exponential","exponential",2,0,0.2,8,16,-0.238954569059087,2000,"perm",0,0.078,0.078,0.0495,0.078,2.74199249583099,0.1165,0.002,0.096
"B",2060,"two","unequal SD","x smaller (1:2)","exponential","exponential",2,0,0.2,8,16,-0.238954569059087,2000,"boot_stud",0,0.0675,0.0655,0.0395,0.0655,3.80432019076175,0.0905,0.0015,0.07
"B",2060,"two","unequal SD","x smaller (1:2)","exponential","exponential",2,0,0.2,8,16,-0.238954569059087,2000,"boot_bca",0,0.08,0.0585,0.0735,0.0735,2.79258069446183,0.084,5e-04,0.0895
"B",2060,"two","unequal SD","x smaller (1:2)","exponential","exponential",2,0,0.2,8,16,-0.238954569059087,2000,"ref",0,0.0649999999999999,0.075,0.034,0.075,3.14711088649854,0.0995,0.001,0.0715
"B",2061,"two","unequal SD","x smaller (1:2)","exponential","exponential",2,0,0.2,15,30,-0.238954569059087,2000,"perm",0,0.074,0.075,0.05,0.075,1.9686991730672,0.136,0.002,0.2795
"B",2061,"two","unequal SD","x smaller (1:2)","exponential","exponential",2,0,0.2,15,30,-0.238954569059087,2000,"boot_stud",0,0.0620000000000001,0.0685,0.035,0.0685,2.35605101911747,0.0995,0.003,0.228
"B",2061,"two","unequal SD","x smaller (1:2)","exponential","exponential",2,0,0.2,15,30,-0.238954569059087,2000,"boot_bca",0,0.0615,0.065,0.047,0.065,1.9478906288086,0.1015,0.001,0.288
"B",2061,"two","unequal SD","x smaller (1:2)","exponential","exponential",2,0,0.2,15,30,-0.238954569059087,2000,"ref",0,0.0595,0.0775,0.032,0.0775,2.11554618402755,0.1195,0.002,0.2255
"B",2062,"two","unequal SD","x smaller (1:2)","exponential","exponential",2,0,0.2,30,60,-0.238954569059087,2000,"perm",0,0.0669999999999999,0.0705,0.048,0.0705,1.3824628258073,0.157,0.008,0.687
"B",2062,"two","unequal SD","x smaller (1:2)","exponential","exponential",2,0,0.2,30,60,-0.238954569059087,2000,"boot_stud",0,0.052,0.055,0.048,0.055,1.50207340242561,0.115,0.009,0.659
"B",2062,"two","unequal SD","x smaller (1:2)","exponential","exponential",2,0,0.2,30,60,-0.238954569059087,2000,"boot_bca",0,0.0585,0.0565,0.052,0.0565,1.37153245212634,0.128,0.0075,0.712
"B",2062,"two","unequal SD","x smaller (1:2)","exponential","exponential",2,0,0.2,30,60,-0.238954569059087,2000,"ref",0,0.0580000000000001,0.0705,0.038,0.0705,1.42753121866085,0.149,0.007,0.649
"B",2063,"two","unequal SD","x larger (2:1)","exponential","exponential",2,0,0.2,16,8,-0.238954569059087,2000,"perm",0,0.055,0.0685,0.035,0.0685,2.3110362421957,0.092,0.0035,0.1695
"B",2063,"two","unequal SD","x larger (2:1)","exponential","exponential",2,0,0.2,16,8,-0.238954569059087,2000,"boot_stud",0,0.0585,0.065,0.041,0.065,2.45491363069618,0.0875,0.0015,0.172
"B",2063,"two","unequal SD","x larger (2:1)","exponential","exponential",2,0,0.2,16,8,-0.238954569059087,2000,"boot_bca",0,0.0685,0.0775,0.0485,0.0775,2.30336544310263,0.0985,5e-04,0.1575
"B",2063,"two","unequal SD","x larger (2:1)","exponential","exponential",2,0,0.2,16,8,-0.238954569059087,2000,"ref",0,0.048,0.065,0.0345,0.065,2.35751174595744,0.088,0.001,0.168
"B",2064,"two","unequal SD","x larger (2:1)","exponential","exponential",2,0,0.2,30,15,-0.238954569059087,2000,"perm",0,0.043,0.055,0.0305,0.055,1.67019742413721,0.0965,0.007,0.4715
"B",2064,"two","unequal SD","x larger (2:1)","exponential","exponential",2,0,0.2,30,15,-0.238954569059087,2000,"boot_stud",0,0.0505,0.0505,0.051,0.051,1.69026819652948,0.092,0.007,0.485
"B",2064,"two","unequal SD","x larger (2:1)","exponential","exponential",2,0,0.2,30,15,-0.238954569059087,2000,"boot_bca",0,0.0535,0.0485,0.0515,0.0515,1.65746415816113,0.088,0.002,0.4955
"B",2064,"two","unequal SD","x larger (2:1)","exponential","exponential",2,0,0.2,30,15,-0.238954569059087,2000,"ref",0,0.041,0.05,0.039,0.05,1.67027957974688,0.0955,0.0055,0.4975
"B",2065,"two","unequal SD","x larger (2:1)","exponential","exponential",2,0,0.2,60,30,-0.238954569059087,2000,"perm",0,0.0475,0.06,0.0345,0.06,1.13734212500657,0.1465,0.0675,0.8175
"B",2065,"two","unequal SD","x larger (2:1)","exponential","exponential",2,0,0.2,60,30,-0.238954569059087,2000,"boot_stud",0,0.0525,0.0535,0.0465,0.0535,1.13510472488233,0.1455,0.0765,0.8405
"B",2065,"two","unequal SD","x larger (2:1)","exponential","exponential",2,0,0.2,60,30,-0.238954569059087,2000,"boot_bca",0,0.0495,0.055,0.048,0.055,1.13277348653621,0.1375,0.0695,0.8485
"B",2065,"two","unequal SD","x larger (2:1)","exponential","exponential",2,0,0.2,60,30,-0.238954569059087,2000,"ref",0,0.0485,0.0565,0.0395,0.0565,1.13463692221374,0.149,0.0705,0.8345
"B",2066,"two","unequal SD","balanced","t3","t3",2,0,0.2,8,8,0,2000,"perm",0,0.0565,0.0465,0.0605,0.0605,2.46207318265876,0.0565,0.0015,0.1695
"B",2066,"two","unequal SD","balanced","t3","t3",2,0,0.2,8,8,0,2000,"boot_stud",0,0.0535,0.047,0.0605,0.0605,2.87254238257618,0.0535,0.0025,0.149
"B",2066,"two","unequal SD","balanced","t3","t3",2,0,0.2,8,8,0,2000,"boot_bca",0,0.0565,0.0465,0.062,0.062,2.74967994212233,0.0565,0.0015,0.1295
"B",2066,"two","unequal SD","balanced","t3","t3",2,0,0.2,8,8,0,2000,"ref",0,0.045,0.0395,0.051,0.051,2.72414764524483,0.045,0.0015,0.15
"B",2067,"two","unequal SD","balanced","t3","t3",2,0,0.2,15,15,0,2000,"perm",0,0.0600000000000001,0.052,0.0545,0.0545,1.72041141807878,0.06,0.0135,0.508
"B",2067,"two","unequal SD","balanced","t3","t3",2,0,0.2,15,15,0,2000,"boot_stud",0,0.0565,0.0495,0.0515,0.0515,1.85531388080843,0.0565,0.012,0.4545
"B",2067,"two","unequal SD","balanced","t3","t3",2,0,0.2,15,15,0,2000,"boot_bca",0,0.049,0.0475,0.046,0.0475,1.7916869605246,0.049,0.0025,0.464
"B",2067,"two","unequal SD","balanced","t3","t3",2,0,0.2,15,15,0,2000,"ref",0,0.0515,0.045,0.0505,0.0505,1.80813751759588,0.0515,0.012,0.4785
"B",2068,"two","unequal SD","balanced","t3","t3",2,0,0.2,30,30,0,2000,"perm",0,0.054,0.05,0.0515,0.0515,1.18258753108716,0.054,0.113,0.8905
"B",2068,"two","unequal SD","balanced","t3","t3",2,0,0.2,30,30,0,2000,"boot_stud",0,0.051,0.0495,0.05,0.05,1.21908768360669,0.051,0.104,0.874
"B",2068,"two","unequal SD","balanced","t3","t3",2,0,0.2,30,30,0,2000,"boot_bca",0,0.049,0.05,0.0465,0.05,1.20076218207682,0.049,0.0965,0.8855
"B",2068,"two","unequal SD","balanced","t3","t3",2,0,0.2,30,30,0,2000,"ref",0,0.049,0.048,0.0465,0.048,1.21046090120802,0.049,0.0975,0.883
"B",2069,"two","unequal SD","balanced","t3","t3",2,0,0.2,50,50,0,2000,"perm",0,0.0515,0.0445,0.048,0.048,0.899837406259841,0.0515,0.4045,0.9895
"B",2069,"two","unequal SD","balanced","t3","t3",2,0,0.2,50,50,0,2000,"boot_stud",0,0.049,0.044,0.0465,0.0465,0.913563920286434,0.049,0.3925,0.99
"B",2069,"two","unequal SD","balanced","t3","t3",2,0,0.2,50,50,0,2000,"boot_bca",0,0.052,0.0425,0.0475,0.0475,0.906502851111042,0.052,0.389,0.99
"B",2069,"two","unequal SD","balanced","t3","t3",2,0,0.2,50,50,0,2000,"ref",0,0.0495,0.0415,0.048,0.048,0.9110479739191,0.0495,0.398,0.9895
"B",2070,"two","unequal SD","x smaller (1:2)","t3","t3",2,0,0.2,8,16,0,2000,"perm",0,0.0775,0.057,0.073,0.073,2.29992767647426,0.0775,0.0055,0.249
"B",2070,"two","unequal SD","x smaller (1:2)","t3","t3",2,0,0.2,8,16,0,2000,"boot_stud",0,0.0659999999999999,0.05,0.065,0.065,2.82990007857915,0.066,0.006,0.2115
"B",2070,"two","unequal SD","x smaller (1:2)","t3","t3",2,0,0.2,8,16,0,2000,"boot_bca",0,0.0715,0.052,0.063,0.063,2.48211967169664,0.0715,0.0025,0.206
"B",2070,"two","unequal SD","x smaller (1:2)","t3","t3",2,0,0.2,8,16,0,2000,"ref",0,0.0555,0.0505,0.0595,0.0595,2.60917208324328,0.0555,0.004,0.227
"B",2071,"two","unequal SD","x smaller (1:2)","t3","t3",2,0,0.2,15,30,0,2000,"perm",0,0.0620000000000001,0.0575,0.0565,0.0575,1.61889956949007,0.062,0.027,0.568
"B",2071,"two","unequal SD","x smaller (1:2)","t3","t3",2,0,0.2,15,30,0,2000,"boot_stud",0,0.0605,0.0525,0.0515,0.0525,1.80484588539261,0.0605,0.0235,0.5025
"B",2071,"two","unequal SD","x smaller (1:2)","t3","t3",2,0,0.2,15,30,0,2000,"boot_bca",0,0.048,0.0465,0.0495,0.0495,1.68481896776672,0.048,0.0125,0.5455
"B",2071,"two","unequal SD","x smaller (1:2)","t3","t3",2,0,0.2,15,30,0,2000,"ref",0,0.049,0.053,0.0505,0.053,1.73633699559259,0.049,0.0245,0.533
"B",2072,"two","unequal SD","x smaller (1:2)","t3","t3",2,0,0.2,30,60,0,2000,"perm",0,0.0545,0.057,0.0585,0.0585,1.11418731209557,0.0545,0.163,0.9155
"B",2072,"two","unequal SD","x smaller (1:2)","t3","t3",2,0,0.2,30,60,0,2000,"boot_stud",0,0.0485,0.05,0.0505,0.0505,1.16210904369001,0.0485,0.149,0.9055
"B",2072,"two","unequal SD","x smaller (1:2)","t3","t3",2,0,0.2,30,60,0,2000,"boot_bca",0,0.046,0.0495,0.051,0.051,1.13291184552271,0.046,0.137,0.916
"B",2072,"two","unequal SD","x smaller (1:2)","t3","t3",2,0,0.2,30,60,0,2000,"ref",0,0.0465,0.049,0.052,0.052,1.15057946672791,0.0465,0.148,0.913
"B",2073,"two","unequal SD","x larger (2:1)","t3","t3",2,0,0.2,16,8,0,2000,"perm",0,0.052,0.044,0.052,0.052,1.92388746447722,0.052,0.008,0.384
"B",2073,"two","unequal SD","x larger (2:1)","t3","t3",2,0,0.2,16,8,0,2000,"boot_stud",0,0.0555,0.053,0.0565,0.0565,1.98136173832553,0.0555,0.0075,0.365
"B",2073,"two","unequal SD","x larger (2:1)","t3","t3",2,0,0.2,16,8,0,2000,"boot_bca",0,0.0485,0.0415,0.054,0.054,1.99328672601178,0.0485,0.002,0.3385
"B",2073,"two","unequal SD","x larger (2:1)","t3","t3",2,0,0.2,16,8,0,2000,"ref",0,0.0495,0.046,0.053,0.053,1.95410429943767,0.0495,0.006,0.3705
"B",2074,"two","unequal SD","x larger (2:1)","t3","t3",2,0,0.2,30,15,0,2000,"perm",0,0.0485,0.0495,0.044,0.0495,1.33403587167859,0.0485,0.0495,0.8
"B",2074,"two","unequal SD","x larger (2:1)","t3","t3",2,0,0.2,30,15,0,2000,"boot_stud",0,0.054,0.057,0.0515,0.057,1.33174727232826,0.054,0.0505,0.795
"B",2074,"two","unequal SD","x larger (2:1)","t3","t3",2,0,0.2,30,15,0,2000,"boot_bca",0,0.048,0.0495,0.0535,0.0535,1.34084597989037,0.048,0.0305,0.7945
"B",2074,"two","unequal SD","x larger (2:1)","t3","t3",2,0,0.2,30,15,0,2000,"ref",0,0.049,0.054,0.05,0.054,1.32824012604977,0.049,0.0465,0.805
"B",2075,"two","unequal SD","x larger (2:1)","t3","t3",2,0,0.2,60,30,0,2000,"perm",0,0.053,0.049,0.049,0.049,0.910621033585113,0.053,0.4205,0.988
"B",2075,"two","unequal SD","x larger (2:1)","t3","t3",2,0,0.2,60,30,0,2000,"boot_stud",0,0.056,0.049,0.054,0.054,0.907523429353428,0.056,0.427,0.9875
"B",2075,"two","unequal SD","x larger (2:1)","t3","t3",2,0,0.2,60,30,0,2000,"boot_bca",0,0.052,0.05,0.0565,0.0565,0.910262493951114,0.052,0.4185,0.986
"B",2075,"two","unequal SD","x larger (2:1)","t3","t3",2,0,0.2,60,30,0,2000,"ref",0,0.053,0.049,0.053,0.053,0.907161114394168,0.053,0.4255,0.9875
"B",2076,"two","unequal SD","balanced","contaminated","contaminated",2,0,0.2,8,8,0,2000,"perm",0,0.0610000000000001,0.059,0.059,0.059,2.20635581018996,0.061,0.0065,0.26
"B",2076,"two","unequal SD","balanced","contaminated","contaminated",2,0,0.2,8,8,0,2000,"boot_stud",0,0.0605,0.0625,0.0585,0.0625,2.66093589904259,0.0605,0.0045,0.2285
"B",2076,"two","unequal SD","balanced","contaminated","contaminated",2,0,0.2,8,8,0,2000,"boot_bca",0,0.0580000000000001,0.05,0.0495,0.05,2.68439481162751,0.058,0.0025,0.188
"B",2076,"two","unequal SD","balanced","contaminated","contaminated",2,0,0.2,8,8,0,2000,"ref",0,0.0465,0.0505,0.0515,0.0515,2.48640035048957,0.0465,0.003,0.238
"B",2077,"two","unequal SD","balanced","contaminated","contaminated",2,0,0.2,15,15,0,2000,"perm",0,0.0515,0.057,0.0435,0.057,1.5389862285024,0.0515,0.034,0.625
"B",2077,"two","unequal SD","balanced","contaminated","contaminated",2,0,0.2,15,15,0,2000,"boot_stud",0,0.0505,0.0535,0.0435,0.0535,1.656740650222,0.0505,0.0295,0.582
"B",2077,"two","unequal SD","balanced","contaminated","contaminated",2,0,0.2,15,15,0,2000,"boot_bca",0,0.0445,0.048,0.042,0.048,1.6224563864341,0.0445,0.018,0.598
"B",2077,"two","unequal SD","balanced","contaminated","contaminated",2,0,0.2,15,15,0,2000,"ref",0,0.047,0.0525,0.042,0.0525,1.61029250915851,0.047,0.026,0.5975
"B",2078,"two","unequal SD","balanced","contaminated","contaminated",2,0,0.2,30,30,0,2000,"perm",0,0.052,0.0515,0.052,0.052,1.04588504001137,0.052,0.21,0.9535
"B",2078,"two","unequal SD","balanced","contaminated","contaminated",2,0,0.2,30,30,0,2000,"boot_stud",0,0.0485,0.0505,0.05,0.0505,1.07474884222465,0.0485,0.1975,0.954
"B",2078,"two","unequal SD","balanced","contaminated","contaminated",2,0,0.2,30,30,0,2000,"boot_bca",0,0.051,0.0485,0.047,0.0485,1.05414218940602,0.051,0.204,0.9535
"B",2078,"two","unequal SD","balanced","contaminated","contaminated",2,0,0.2,30,30,0,2000,"ref",0,0.047,0.0505,0.049,0.0505,1.06592453926223,0.047,0.2025,0.9525
"B",2079,"two","unequal SD","balanced","contaminated","contaminated",2,0,0.2,50,50,0,2000,"perm",0,0.049,0.045,0.058,0.058,0.810126649236401,0.049,0.5545,0.999
"B",2079,"two","unequal SD","balanced","contaminated","contaminated",2,0,0.2,50,50,0,2000,"boot_stud",0,0.047,0.0435,0.053,0.053,0.824512301795442,0.047,0.5445,0.9995
"B",2079,"two","unequal SD","balanced","contaminated","contaminated",2,0,0.2,50,50,0,2000,"boot_bca",0,0.047,0.04,0.0595,0.0595,0.809323847913347,0.047,0.5525,0.9995
"B",2079,"two","unequal SD","balanced","contaminated","contaminated",2,0,0.2,50,50,0,2000,"ref",0,0.047,0.041,0.0555,0.0555,0.819921182954647,0.047,0.548,0.999
"B",2080,"two","unequal SD","x smaller (1:2)","contaminated","contaminated",2,0,0.2,8,16,0,2000,"perm",0,0.0625,0.0515,0.065,0.065,2.10658581401776,0.0625,0.0165,0.3115
"B",2080,"two","unequal SD","x smaller (1:2)","contaminated","contaminated",2,0,0.2,8,16,0,2000,"boot_stud",0,0.053,0.046,0.0575,0.0575,2.66669417192757,0.053,0.0145,0.267
"B",2080,"two","unequal SD","x smaller (1:2)","contaminated","contaminated",2,0,0.2,8,16,0,2000,"boot_bca",0,0.0605,0.0535,0.058,0.058,2.48312174660429,0.0605,0.0075,0.266
"B",2080,"two","unequal SD","x smaller (1:2)","contaminated","contaminated",2,0,0.2,8,16,0,2000,"ref",0,0.0495,0.0385,0.0535,0.0535,2.41262964029472,0.0495,0.015,0.268
"B",2081,"two","unequal SD","x smaller (1:2)","contaminated","contaminated",2,0,0.2,15,30,0,2000,"perm",0,0.0610000000000001,0.057,0.0615,0.0615,1.44601522778323,0.061,0.054,0.685
"B",2081,"two","unequal SD","x smaller (1:2)","contaminated","contaminated",2,0,0.2,15,30,0,2000,"boot_stud",0,0.0545,0.053,0.0535,0.0535,1.61490864139993,0.0545,0.051,0.6305
"B",2081,"two","unequal SD","x smaller (1:2)","contaminated","contaminated",2,0,0.2,15,30,0,2000,"boot_bca",0,0.049,0.0505,0.053,0.053,1.52902324419476,0.049,0.0405,0.67
"B",2081,"two","unequal SD","x smaller (1:2)","contaminated","contaminated",2,0,0.2,15,30,0,2000,"ref",0,0.051,0.0475,0.053,0.053,1.54083348828954,0.051,0.048,0.6525
"B",2082,"two","unequal SD","x smaller (1:2)","contaminated","contaminated",2,0,0.2,30,60,0,2000,"perm",0,0.0639999999999999,0.0545,0.06,0.06,0.99401967187069,0.064,0.262,0.973
"B",2082,"two","unequal SD","x smaller (1:2)","contaminated","contaminated",2,0,0.2,30,60,0,2000,"boot_stud",0,0.0595,0.051,0.0535,0.0535,1.03636281068834,0.0595,0.2425,0.968
"B",2082,"two","unequal SD","x smaller (1:2)","contaminated","contaminated",2,0,0.2,30,60,0,2000,"boot_bca",0,0.0580000000000001,0.055,0.0595,0.0595,0.996199989149952,0.058,0.265,0.97
"B",2082,"two","unequal SD","x smaller (1:2)","contaminated","contaminated",2,0,0.2,30,60,0,2000,"ref",0,0.0585,0.05,0.056,0.056,1.02117949070771,0.0585,0.2425,0.97
"B",2083,"two","unequal SD","x larger (2:1)","contaminated","contaminated",2,0,0.2,16,8,0,2000,"perm",0,0.0475,0.0495,0.0445,0.0495,1.71921242526595,0.0475,0.0155,0.5295
"B",2083,"two","unequal SD","x larger (2:1)","contaminated","contaminated",2,0,0.2,16,8,0,2000,"boot_stud",0,0.0555,0.049,0.051,0.051,1.76415639894796,0.0555,0.0165,0.521
"B",2083,"two","unequal SD","x larger (2:1)","contaminated","contaminated",2,0,0.2,16,8,0,2000,"boot_bca",0,0.049,0.043,0.044,0.044,1.86498245406235,0.049,0.0065,0.456
"B",2083,"two","unequal SD","x larger (2:1)","contaminated","contaminated",2,0,0.2,16,8,0,2000,"ref",0,0.0445,0.0465,0.0435,0.0465,1.74281618395442,0.0445,0.0125,0.5255
"B",2084,"two","unequal SD","x larger (2:1)","contaminated","contaminated",2,0,0.2,30,15,0,2000,"perm",0,0.0465,0.0505,0.037,0.0505,1.19689740815448,0.0465,0.108,0.91
"B",2084,"two","unequal SD","x larger (2:1)","contaminated","contaminated",2,0,0.2,30,15,0,2000,"boot_stud",0,0.049,0.055,0.0455,0.055,1.19009049745833,0.049,0.1085,0.91
"B",2084,"two","unequal SD","x larger (2:1)","contaminated","contaminated",2,0,0.2,30,15,0,2000,"boot_bca",0,0.0465,0.049,0.0415,0.049,1.20146240985596,0.0465,0.0885,0.9035
"B",2084,"two","unequal SD","x larger (2:1)","contaminated","contaminated",2,0,0.2,30,15,0,2000,"ref",0,0.0465,0.0525,0.043,0.0525,1.18607656989544,0.0465,0.114,0.9125
"B",2085,"two","unequal SD","x larger (2:1)","contaminated","contaminated",2,0,0.2,60,30,0,2000,"perm",0,0.047,0.0455,0.043,0.0455,0.823817995563956,0.047,0.55,0.999
"B",2085,"two","unequal SD","x larger (2:1)","contaminated","contaminated",2,0,0.2,60,30,0,2000,"boot_stud",0,0.046,0.0495,0.0475,0.0495,0.820776243817319,0.046,0.549,0.999
"B",2085,"two","unequal SD","x larger (2:1)","contaminated","contaminated",2,0,0.2,60,30,0,2000,"boot_bca",0,0.0465,0.0485,0.047,0.0485,0.815468310307705,0.0465,0.5565,0.999
"B",2085,"two","unequal SD","x larger (2:1)","contaminated","contaminated",2,0,0.2,60,30,0,2000,"ref",0,0.048,0.05,0.045,0.05,0.819495898283855,0.048,0.549,0.999
"B",2086,"paired","paired differences","paired","normal",NA,1,0,0.2,8,8,0,2000,"perm",0,0.0675,0.0575,0.052,0.0575,2.04980107021485,0.0675,0.054,0.5035
"B",2086,"paired","paired differences","paired","normal",NA,1,0,0.2,8,8,0,2000,"boot_stud",0,0.0570000000000001,0.0565,0.049,0.0565,2.42292748727861,0.057,0.0385,0.4205
"B",2086,"paired","paired differences","paired","normal",NA,1,0,0.2,8,8,0,2000,"boot_bca",0,0.095,0.0795,0.0665,0.0795,1.40282273216307,0.095,0.0655,0.687
"B",2086,"paired","paired differences","paired","normal",NA,1,0,0.2,8,8,0,2000,"ref",0,0.0675,0.0635,0.0495,0.0635,1.77552465291025,0.0675,0.0455,0.56
"B",2087,"paired","paired differences","paired","normal",NA,1,0,0.2,15,15,0,2000,"perm",0,0.0675,0.0515,0.0535,0.0535,1.28537672971746,0.0675,0.1615,0.8775
"B",2087,"paired","paired differences","paired","normal",NA,1,0,0.2,15,15,0,2000,"boot_stud",0,0.0455,0.042,0.042,0.042,1.396811075735,0.0455,0.136,0.854
"B",2087,"paired","paired differences","paired","normal",NA,1,0,0.2,15,15,0,2000,"boot_bca",0,0.0555,0.0595,0.051,0.0595,1.07665760907551,0.0555,0.1995,0.9445
"B",2087,"paired","paired differences","paired","normal",NA,1,0,0.2,15,15,0,2000,"ref",0,0.0610000000000001,0.049,0.051,0.051,1.22264762428641,0.061,0.161,0.905
"B",2088,"paired","paired differences","paired","normal",NA,1,0,0.2,30,30,0,2000,"perm",0,0.0570000000000001,0.047,0.0575,0.0575,0.828784612633769,0.057,0.57,0.998
"B",2088,"paired","paired differences","paired","normal",NA,1,0,0.2,30,30,0,2000,"boot_stud",0,0.0535,0.0425,0.054,0.054,0.845670544264389,0.0535,0.5625,0.9985
"B",2088,"paired","paired differences","paired","normal",NA,1,0,0.2,30,30,0,2000,"boot_bca",0,0.0580000000000001,0.0515,0.058,0.058,0.768981744639307,0.058,0.6315,1
"B",2088,"paired","paired differences","paired","normal",NA,1,0,0.2,30,30,0,2000,"ref",0,0.0565,0.0485,0.0565,0.0565,0.815080096313922,0.0565,0.579,0.999
"B",2089,"paired","paired differences","paired","normal",NA,1,0,0.2,50,50,0,2000,"perm",0,0.053,0.059,0.0455,0.059,0.621234793283907,0.053,0.8825,1
"B",2089,"paired","paired differences","paired","normal",NA,1,0,0.2,50,50,0,2000,"boot_stud",0,0.0455,0.058,0.044,0.058,0.627509972598279,0.0455,0.887,1
"B",2089,"paired","paired differences","paired","normal",NA,1,0,0.2,50,50,0,2000,"boot_bca",0,0.054,0.059,0.046,0.059,0.593675261312892,0.054,0.8975,1
"B",2089,"paired","paired differences","paired","normal",NA,1,0,0.2,50,50,0,2000,"ref",0,0.0535,0.058,0.045,0.058,0.615372290371374,0.0535,0.884,1
"B",2090,"paired","paired differences","paired","lognormal",NA,1,0,0.2,8,8,-0.175683816146382,2000,"perm",0,0.0590000000000001,0.068,0.0355,0.068,1.83402768260602,0.106,0.056,0.629
"B",2090,"paired","paired differences","paired","lognormal",NA,1,0,0.2,8,8,-0.175683816146382,2000,"boot_stud",0,0.046,0.0575,0.042,0.0575,2.42493607723616,0.079,0.0515,0.5895
"B",2090,"paired","paired differences","paired","lognormal",NA,1,0,0.2,8,8,-0.175683816146382,2000,"boot_bca",0,0.08,0.067,0.0645,0.067,1.30158954849953,0.1185,0.0765,0.8055
"B",2090,"paired","paired differences","paired","lognormal",NA,1,0,0.2,8,8,-0.175683816146382,2000,"ref",0,0.0605,0.0765,0.035,0.0765,1.5707103571746,0.115,0.0565,0.7035
"B",2091,"paired","paired differences","paired","lognormal",NA,1,0,0.2,15,15,-0.175683816146382,2000,"perm",0,0.0669999999999999,0.0735,0.041,0.0735,1.12416298725849,0.141,0.188,0.943
"B",2091,"paired","paired differences","paired","lognormal",NA,1,0,0.2,15,15,-0.175683816146382,2000,"boot_stud",0,0.0565,0.056,0.045,0.056,1.27004024622532,0.1,0.1895,0.9105
"B",2091,"paired","paired differences","paired","lognormal",NA,1,0,0.2,15,15,-0.175683816146382,2000,"boot_bca",0,0.0665,0.056,0.0615,0.0615,0.952410846989735,0.1195,0.2555,0.9755
"B",2091,"paired","paired differences","paired","lognormal",NA,1,0,0.2,15,15,-0.175683816146382,2000,"ref",0,0.069,0.076,0.04,0.076,1.0508758923337,0.151,0.199,0.9595
"B",2092,"paired","paired differences","paired","lognormal",NA,1,0,0.2,30,30,-0.175683816146382,2000,"perm",0,0.052,0.0615,0.04,0.0615,0.710137728703564,0.1955,0.563,0.9995
"B",2092,"paired","paired differences","paired","lognormal",NA,1,0,0.2,30,30,-0.175683816146382,2000,"boot_stud",0,0.041,0.048,0.0445,0.048,0.738365914085913,0.14,0.5975,0.9995
"B",2092,"paired","paired differences","paired","lognormal",NA,1,0,0.2,30,30,-0.175683816146382,2000,"boot_bca",0,0.053,0.049,0.0525,0.0525,0.665292602121699,0.168,0.657,0.9995
"B",2092,"paired","paired differences","paired","lognormal",NA,1,0,0.2,30,30,-0.175683816146382,2000,"ref",0,0.052,0.0635,0.0395,0.0635,0.695618879611028,0.202,0.583,0.9995
"B",2093,"paired","paired differences","paired","lognormal",NA,1,0,0.2,50,50,-0.175683816146382,2000,"perm",0,0.0555,0.06,0.0475,0.06,0.53197970561888,0.2795,0.8265,1
"B",2093,"paired","paired differences","paired","lognormal",NA,1,0,0.2,50,50,-0.175683816146382,2000,"boot_stud",0,0.0515,0.049,0.0545,0.0545,0.54203760946567,0.2315,0.854,1
"B",2093,"paired","paired differences","paired","lognormal",NA,1,0,0.2,50,50,-0.175683816146382,2000,"boot_bca",0,0.056,0.0545,0.058,0.058,0.512180977719806,0.258,0.8715,1
"B",2093,"paired","paired differences","paired","lognormal",NA,1,0,0.2,50,50,-0.175683816146382,2000,"ref",0,0.0585,0.0605,0.049,0.0605,0.525798386373059,0.2875,0.8295,1
"B",2094,"paired","paired differences","paired","exponential",NA,1,0,0.2,8,8,-0.238954569059087,2000,"perm",0,0.0570000000000001,0.0655,0.0235,0.0655,1.86730891651481,0.1235,0.0405,0.6885
"B",2094,"paired","paired differences","paired","exponential",NA,1,0,0.2,8,8,-0.238954569059087,2000,"boot_stud",0,0.043,0.048,0.0335,0.048,2.87507351320993,0.075,0.0395,0.6215
"B",2094,"paired","paired differences","paired","exponential",NA,1,0,0.2,8,8,-0.238954569059087,2000,"boot_bca",0,0.077,0.056,0.0765,0.0765,1.257871122218,0.138,0.084,0.834
"B",2094,"paired","paired differences","paired","exponential",NA,1,0,0.2,8,8,-0.238954569059087,2000,"ref",0,0.0625,0.075,0.028,0.075,1.53362152802612,0.1505,0.0435,0.763
"B",2095,"paired","paired differences","paired","exponential",NA,1,0,0.2,15,15,-0.238954569059087,2000,"perm",0,0.0675,0.0815,0.0235,0.0815,1.1355881942458,0.195,0.1035,0.9565
"B",2095,"paired","paired differences","paired","exponential",NA,1,0,0.2,15,15,-0.238954569059087,2000,"boot_stud",0,0.054,0.061,0.0355,0.061,1.34576007704931,0.13,0.123,0.883
"B",2095,"paired","paired differences","paired","exponential",NA,1,0,0.2,15,15,-0.238954569059087,2000,"boot_bca",0,0.0685,0.0695,0.061,0.0695,0.935295416739235,0.158,0.2125,0.971
"B",2095,"paired","paired differences","paired","exponential",NA,1,0,0.2,15,15,-0.238954569059087,2000,"ref",0,0.076,0.0905,0.03,0.0905,1.02690862862739,0.215,0.12,0.9645
"B",2096,"paired","paired differences","paired","exponential",NA,1,0,0.2,30,30,-0.238954569059087,2000,"perm",0,0.0545,0.0755,0.026,0.0755,0.703400524310469,0.313,0.3975,0.9995
"B",2096,"paired","paired differences","paired","exponential",NA,1,0,0.2,30,30,-0.238954569059087,2000,"boot_stud",0,0.0405,0.0495,0.0335,0.0495,0.746266302045001,0.2225,0.481,0.997
"B",2096,"paired","paired differences","paired","exponential",NA,1,0,0.2,30,30,-0.238954569059087,2000,"boot_bca",0,0.051,0.0565,0.0455,0.0565,0.649123370681235,0.2725,0.5525,0.9995
"B",2096,"paired","paired differences","paired","exponential",NA,1,0,0.2,30,30,-0.238954569059087,2000,"ref",0,0.0600000000000001,0.078,0.028,0.078,0.677019327671533,0.326,0.4225,0.9995
"B",2097,"paired","paired differences","paired","exponential",NA,1,0,0.2,50,50,-0.238954569059087,2000,"perm",0,0.0565,0.0675,0.0385,0.0675,0.520550846425853,0.4455,0.6825,1
"B",2097,"paired","paired differences","paired","exponential",NA,1,0,0.2,50,50,-0.238954569059087,2000,"boot_stud",0,0.05,0.05,0.046,0.05,0.5364174285876,0.35,0.745,1
"B",2097,"paired","paired differences","paired","exponential",NA,1,0,0.2,50,50,-0.238954569059087,2000,"boot_bca",0,0.0595,0.054,0.0545,0.0545,0.497927809014661,0.3935,0.7765,1
"B",2097,"paired","paired differences","paired","exponential",NA,1,0,0.2,50,50,-0.238954569059087,2000,"ref",0,0.0590000000000001,0.07,0.0395,0.07,0.510200459324283,0.4625,0.69,1
"B",2098,"paired","paired differences","paired","t3",NA,1,0,0.2,8,8,0,2000,"perm",0,0.0615,0.0515,0.057,0.057,1.40234935384706,0.0615,0.2295,0.8075
"B",2098,"paired","paired differences","paired","t3",NA,1,0,0.2,8,8,0,2000,"boot_stud",0,0.0515,0.0535,0.0585,0.0585,1.72321378081009,0.0515,0.1965,0.698
"B",2098,"paired","paired differences","paired","t3",NA,1,0,0.2,8,8,0,2000,"boot_bca",0,0.0875,0.077,0.0615,0.077,1.19662403421552,0.0875,0.248,0.813
"B",2098,"paired","paired differences","paired","t3",NA,1,0,0.2,8,8,0,2000,"ref",0,0.0475,0.051,0.053,0.053,1.30025273184742,0.0475,0.227,0.8325
"B",2099,"paired","paired differences","paired","t3",NA,1,0,0.2,15,15,0,2000,"perm",0,0.0635,0.0555,0.0515,0.0555,0.846887182947077,0.0635,0.5755,0.99
"B",2099,"paired","paired differences","paired","t3",NA,1,0,0.2,15,15,0,2000,"boot_stud",0,0.051,0.049,0.051,0.051,0.92743666269374,0.051,0.523,0.968
"B",2099,"paired","paired differences","paired","t3",NA,1,0,0.2,15,15,0,2000,"boot_bca",0,0.0659999999999999,0.054,0.049,0.054,0.790375189369324,0.066,0.612,0.988
"B",2099,"paired","paired differences","paired","t3",NA,1,0,0.2,15,15,0,2000,"ref",0,0.0485,0.0515,0.0465,0.0515,0.831707437384618,0.0485,0.581,0.9915
"B",2100,"paired","paired differences","paired","t3",NA,1,0,0.2,30,30,0,2000,"perm",0,0.053,0.0575,0.0455,0.0575,0.546591501284547,0.053,0.9315,1
"B",2100,"paired","paired differences","paired","t3",NA,1,0,0.2,30,30,0,2000,"boot_stud",0,0.0525,0.0585,0.046,0.0585,0.55942134395977,0.0525,0.9235,1
"B",2100,"paired","paired differences","paired","t3",NA,1,0,0.2,30,30,0,2000,"boot_bca",0,0.055,0.059,0.0465,0.059,0.531425658540913,0.055,0.9405,1
"B",2100,"paired","paired differences","paired","t3",NA,1,0,0.2,30,30,0,2000,"ref",0,0.053,0.0565,0.047,0.0565,0.545666176285496,0.053,0.935,1
"B",2101,"paired","paired differences","paired","t3",NA,1,0,0.2,50,50,0,2000,"perm",0,0.05,0.0525,0.046,0.0525,0.406792222902345,0.05,0.9995,1
"B",2101,"paired","paired differences","paired","t3",NA,1,0,0.2,50,50,0,2000,"boot_stud",0,0.053,0.051,0.0485,0.051,0.410548920721217,0.053,0.9985,1
"B",2101,"paired","paired differences","paired","t3",NA,1,0,0.2,50,50,0,2000,"boot_bca",0,0.0565,0.051,0.049,0.051,0.401297250719111,0.0565,0.999,1
"B",2101,"paired","paired differences","paired","t3",NA,1,0,0.2,50,50,0,2000,"ref",0,0.0485,0.05,0.0475,0.05,0.407502640349613,0.0485,0.9995,1
"B",2102,"paired","paired differences","paired","contaminated",NA,1,0,0.2,8,8,0,2000,"perm",0,0.0615,0.049,0.0545,0.0545,1.2566617514264,0.0615,0.3295,0.9015
"B",2102,"paired","paired differences","paired","contaminated",NA,1,0,0.2,8,8,0,2000,"boot_stud",0,0.0575,0.0515,0.0605,0.0605,1.59351423929621,0.0575,0.2715,0.796
"B",2102,"paired","paired differences","paired","contaminated",NA,1,0,0.2,8,8,0,2000,"boot_bca",0,0.0845,0.0655,0.0655,0.0655,1.14689855144039,0.0845,0.353,0.807
"B",2102,"paired","paired differences","paired","contaminated",NA,1,0,0.2,8,8,0,2000,"ref",0,0.046,0.047,0.052,0.052,1.16460260113593,0.046,0.3395,0.9135
"B",2103,"paired","paired differences","paired","contaminated",NA,1,0,0.2,15,15,0,2000,"perm",0,0.0565,0.05,0.0545,0.0545,0.774797910755732,0.0565,0.671,0.9975
"B",2103,"paired","paired differences","paired","contaminated",NA,1,0,0.2,15,15,0,2000,"boot_stud",0,0.0475,0.0455,0.047,0.047,0.843641245547181,0.0475,0.625,0.985
"B",2103,"paired","paired differences","paired","contaminated",NA,1,0,0.2,15,15,0,2000,"boot_bca",0,0.056,0.048,0.054,0.054,0.719485732361856,0.056,0.7325,0.9925
"B",2103,"paired","paired differences","paired","contaminated",NA,1,0,0.2,15,15,0,2000,"ref",0,0.0485,0.048,0.052,0.052,0.749342370422684,0.0485,0.7025,0.9975
"B",2104,"paired","paired differences","paired","contaminated",NA,1,0,0.2,30,30,0,2000,"perm",0,0.05,0.0495,0.041,0.0495,0.495105728759954,0.05,0.976,1
"B",2104,"paired","paired differences","paired","contaminated",NA,1,0,0.2,30,30,0,2000,"boot_stud",0,0.046,0.048,0.044,0.048,0.504085678702778,0.046,0.9735,1
"B",2104,"paired","paired differences","paired","contaminated",NA,1,0,0.2,30,30,0,2000,"boot_bca",0,0.049,0.052,0.045,0.052,0.471864687211934,0.049,0.9785,1
"B",2104,"paired","paired differences","paired","contaminated",NA,1,0,0.2,30,30,0,2000,"ref",0,0.0465,0.0505,0.0405,0.0505,0.489521829405617,0.0465,0.979,1
"B",2105,"paired","paired differences","paired","contaminated",NA,1,0,0.2,50,50,0,2000,"perm",0,0.0555,0.0515,0.0495,0.0515,0.37128107754048,0.0555,0.9995,1
"B",2105,"paired","paired differences","paired","contaminated",NA,1,0,0.2,50,50,0,2000,"boot_stud",0,0.055,0.052,0.0485,0.052,0.374139903309458,0.055,0.9995,1
"B",2105,"paired","paired differences","paired","contaminated",NA,1,0,0.2,50,50,0,2000,"boot_bca",0,0.0575,0.0535,0.048,0.0535,0.35996420958635,0.0575,0.9995,1
"B",2105,"paired","paired differences","paired","contaminated",NA,1,0,0.2,50,50,0,2000,"ref",0,0.0565,0.055,0.048,0.055,0.369395628104378,0.0565,0.9995,1
"C",3001,"two","different shape","balanced","exponential","normal",1,0,0,8,8,0,2000,"perm",0,0.0600000000000001,0.0755,0.0305,0.0755,2.03867933494475,0.06,0.002,0.3045
"C",3001,"two","different shape","balanced","exponential","normal",1,0,0,8,8,0,2000,"boot_stud",0,0.048,0.065,0.0415,0.065,2.26448131640804,0.048,0.0015,0.2645
"C",3001,"two","different shape","balanced","exponential","normal",1,0,0,8,8,0,2000,"boot_bca",0,0.103,0.0965,0.0665,0.0965,1.79357657874872,0.103,0.005,0.403
"C",3001,"two","different shape","balanced","exponential","normal",1,0,0,8,8,0,2000,"ref",0,0.053,0.071,0.0315,0.071,2.10721175757805,0.053,0.0015,0.296
"C",3002,"two","different shape","balanced","exponential","normal",1,0,0,15,15,0,2000,"perm",0,0.0475,0.0585,0.0405,0.0585,1.45874845699709,0.0475,0.0195,0.711
"C",3002,"two","different shape","balanced","exponential","normal",1,0,0,15,15,0,2000,"boot_stud",0,0.052,0.0465,0.0535,0.0535,1.52347398649831,0.052,0.017,0.671
"C",3002,"two","different shape","balanced","exponential","normal",1,0,0,15,15,0,2000,"boot_bca",0,0.071,0.063,0.066,0.066,1.37038116556066,0.071,0.031,0.7375
"C",3002,"two","different shape","balanced","exponential","normal",1,0,0,15,15,0,2000,"ref",0,0.0435,0.0575,0.04,0.0575,1.47655676182346,0.0435,0.0165,0.7075
"C",3003,"two","different shape","balanced","exponential","normal",1,0,0,30,30,0,2000,"perm",0,0.0555,0.059,0.034,0.059,1.01783107327586,0.0555,0.2335,0.9675
"C",3003,"two","different shape","balanced","exponential","normal",1,0,0,30,30,0,2000,"boot_stud",0,0.051,0.055,0.0465,0.055,1.03948419875567,0.051,0.2295,0.9475
"C",3003,"two","different shape","balanced","exponential","normal",1,0,0,30,30,0,2000,"boot_bca",0,0.0669999999999999,0.0615,0.0555,0.0615,0.988636894651089,0.067,0.274,0.957
"C",3003,"two","different shape","balanced","exponential","normal",1,0,0,30,30,0,2000,"ref",0,0.0535,0.06,0.0325,0.06,1.02269127765734,0.0535,0.2315,0.9685
"C",3004,"two","different shape","balanced","exponential","normal",1,0,0,50,50,0,2000,"perm",0,0.0495,0.0615,0.0375,0.0615,0.785314488950304,0.0495,0.608,0.998
"C",3004,"two","different shape","balanced","exponential","normal",1,0,0,50,50,0,2000,"boot_stud",0,0.051,0.0515,0.044,0.0515,0.79496460418066,0.051,0.594,0.9975
"C",3004,"two","different shape","balanced","exponential","normal",1,0,0,50,50,0,2000,"boot_bca",0,0.0595,0.0575,0.0485,0.0575,0.771175440261062,0.0595,0.6145,0.9975
"C",3004,"two","different shape","balanced","exponential","normal",1,0,0,50,50,0,2000,"ref",0,0.052,0.0605,0.036,0.0605,0.78741169642126,0.052,0.6105,0.998
"C",3005,"two","different shape","x smaller (1:2)","exponential","normal",1,0,0,8,16,0,2000,"perm",0,0.0615,0.0825,0.0335,0.0825,1.73245050263917,0.0615,0.008,0.525
"C",3005,"two","different shape","x smaller (1:2)","exponential","normal",1,0,0,8,16,0,2000,"boot_stud",0,0.055,0.0875,0.0375,0.0875,1.89474511870193,0.055,0.006,0.492
"C",3005,"two","different shape","x smaller (1:2)","exponential","normal",1,0,0,8,16,0,2000,"boot_bca",0,0.1015,0.1095,0.0605,0.1095,1.55410728977251,0.1015,0.022,0.595
"C",3005,"two","different shape","x smaller (1:2)","exponential","normal",1,0,0,8,16,0,2000,"ref",0,0.0629999999999999,0.1015,0.0245,0.1015,1.75987281569764,0.063,0.0075,0.5225
"C",3006,"two","different shape","x smaller (1:2)","exponential","normal",1,0,0,15,30,0,2000,"perm",0,0.0595,0.077,0.036,0.077,1.26104027491123,0.0595,0.0605,0.85
"C",3006,"two","different shape","x smaller (1:2)","exponential","normal",1,0,0,15,30,0,2000,"boot_stud",0,0.0635,0.0675,0.0405,0.0675,1.32995813900376,0.0635,0.0655,0.7865
"C",3006,"two","different shape","x smaller (1:2)","exponential","normal",1,0,0,15,30,0,2000,"boot_bca",0,0.0845,0.0805,0.0535,0.0805,1.2019027882393,0.0845,0.097,0.8335
"C",3006,"two","different shape","x smaller (1:2)","exponential","normal",1,0,0,15,30,0,2000,"ref",0,0.0615,0.0835,0.0285,0.0835,1.26623287416802,0.0615,0.0655,0.8545
"C",3007,"two","different shape","x smaller (1:2)","exponential","normal",1,0,0,30,60,0,2000,"perm",0,0.0485,0.0605,0.04,0.0605,0.886086608683037,0.0485,0.445,0.9825
"C",3007,"two","different shape","x smaller (1:2)","exponential","normal",1,0,0,30,60,0,2000,"boot_stud",0,0.0495,0.053,0.05,0.053,0.915426705857866,0.0495,0.4305,0.9645
"C",3007,"two","different shape","x smaller (1:2)","exponential","normal",1,0,0,30,60,0,2000,"boot_bca",0,0.0625,0.0605,0.055,0.0605,0.867800366130292,0.0625,0.4685,0.975
"C",3007,"two","different shape","x smaller (1:2)","exponential","normal",1,0,0,30,60,0,2000,"ref",0,0.0495,0.069,0.034,0.069,0.886941578193078,0.0495,0.453,0.985
"C",3008,"two","different shape","x larger (2:1)","exponential","normal",1,0,0,16,8,0,2000,"perm",0,0.055,0.0765,0.028,0.0765,1.79911633738944,0.055,0.0055,0.4525
"C",3008,"two","different shape","x larger (2:1)","exponential","normal",1,0,0,16,8,0,2000,"boot_stud",0,0.0515,0.0535,0.0515,0.0535,1.91670748310117,0.0515,0.0025,0.4
"C",3008,"two","different shape","x larger (2:1)","exponential","normal",1,0,0,16,8,0,2000,"boot_bca",0,0.096,0.0765,0.0685,0.0765,1.58605377517504,0.096,0.0135,0.551
"C",3008,"two","different shape","x larger (2:1)","exponential","normal",1,0,0,16,8,0,2000,"ref",0,0.049,0.0585,0.0375,0.0585,1.83324086304009,0.049,0.004,0.4465
"C",3009,"two","different shape","x larger (2:1)","exponential","normal",1,0,0,30,15,0,2000,"perm",0,0.0565,0.0745,0.033,0.0745,1.28171710132859,0.0565,0.04,0.8395
"C",3009,"two","different shape","x larger (2:1)","exponential","normal",1,0,0,30,15,0,2000,"boot_stud",0,0.0605,0.0575,0.052,0.0575,1.30433885865501,0.0605,0.038,0.82
"C",3009,"two","different shape","x larger (2:1)","exponential","normal",1,0,0,30,15,0,2000,"boot_bca",0,0.0795,0.073,0.0615,0.073,1.19468293512521,0.0795,0.0735,0.8585
"C",3009,"two","different shape","x larger (2:1)","exponential","normal",1,0,0,30,15,0,2000,"ref",0,0.054,0.0665,0.0415,0.0665,1.28412210710707,0.054,0.0475,0.839
"C",3010,"two","different shape","x larger (2:1)","exponential","normal",1,0,0,60,30,0,2000,"perm",0,0.0525,0.075,0.037,0.075,0.892541993933749,0.0525,0.412,0.9925
"C",3010,"two","different shape","x larger (2:1)","exponential","normal",1,0,0,60,30,0,2000,"boot_stud",0,0.055,0.0595,0.0525,0.0595,0.895316375796371,0.055,0.4135,0.991
"C",3010,"two","different shape","x larger (2:1)","exponential","normal",1,0,0,60,30,0,2000,"boot_bca",0,0.0705,0.0615,0.062,0.062,0.858202455374966,0.0705,0.451,0.9915
"C",3010,"two","different shape","x larger (2:1)","exponential","normal",1,0,0,60,30,0,2000,"ref",0,0.0535,0.063,0.047,0.063,0.890184240009243,0.0535,0.4205,0.9915
"C",3011,"two","different shape","balanced","exponential","normal",1,0,0.2,8,8,-0.238954569059087,2000,"perm",0,0.0515,0.0465,0.058,0.058,2.12804156257655,0.0755,0.003,0.2555
"C",3011,"two","different shape","balanced","exponential","normal",1,0,0.2,8,8,-0.238954569059087,2000,"boot_stud",0,0.048,0.041,0.059,0.059,2.38453144913217,0.062,0.0015,0.2165
"C",3011,"two","different shape","balanced","exponential","normal",1,0,0.2,8,8,-0.238954569059087,2000,"boot_bca",0,0.0635,0.0465,0.074,0.074,1.96360908068904,0.0795,0.001,0.2865
"C",3011,"two","different shape","balanced","exponential","normal",1,0,0.2,8,8,-0.238954569059087,2000,"ref",0,0.05,0.0425,0.0475,0.0475,2.20521441976142,0.0645,0.0015,0.233
"C",3012,"two","different shape","balanced","exponential","normal",1,0,0.2,15,15,-0.238954569059087,2000,"perm",0,0.0455,0.054,0.048,0.054,1.52231140204549,0.103,0.0175,0.6015
"C",3012,"two","different shape","balanced","exponential","normal",1,0,0.2,15,15,-0.238954569059087,2000,"boot_stud",0,0.0395,0.05,0.052,0.052,1.58293257035311,0.0895,0.0145,0.591
"C",3012,"two","different shape","balanced","exponential","normal",1,0,0.2,15,15,-0.238954569059087,2000,"boot_bca",0,0.053,0.05,0.0555,0.0555,1.45048231787991,0.0985,0.0105,0.6425
"C",3012,"two","different shape","balanced","exponential","normal",1,0,0.2,15,15,-0.238954569059087,2000,"ref",0,0.046,0.051,0.0465,0.051,1.52979767479834,0.1035,0.014,0.6
"C",3013,"two","different shape","balanced","exponential","normal",1,0,0.2,30,30,-0.238954569059087,2000,"perm",0,0.0515,0.061,0.0435,0.061,1.02375966540813,0.1735,0.1435,0.9145
"C",3013,"two","different shape","balanced","exponential","normal",1,0,0.2,30,30,-0.238954569059087,2000,"boot_stud",0,0.052,0.0535,0.0465,0.0535,1.03526526340003,0.1605,0.1345,0.9095
"C",3013,"two","different shape","balanced","exponential","normal",1,0,0.2,30,30,-0.238954569059087,2000,"boot_bca",0,0.053,0.059,0.047,0.059,1.00431482181617,0.1635,0.143,0.92
"C",3013,"two","different shape","balanced","exponential","normal",1,0,0.2,30,30,-0.238954569059087,2000,"ref",0,0.054,0.0595,0.0425,0.0595,1.02379339496609,0.175,0.1405,0.913
"C",3014,"two","different shape","balanced","exponential","normal",1,0,0.2,50,50,-0.238954569059087,2000,"perm",0,0.055,0.054,0.0555,0.0555,0.785522118902262,0.2325,0.3345,0.9875
"C",3014,"two","different shape","balanced","exponential","normal",1,0,0.2,50,50,-0.238954569059087,2000,"boot_stud",0,0.0505,0.052,0.0545,0.0545,0.790126815507982,0.2155,0.3435,0.9905
"C",3014,"two","different shape","balanced","exponential","normal",1,0,0.2,50,50,-0.238954569059087,2000,"boot_bca",0,0.054,0.056,0.058,0.058,0.775559852393839,0.214,0.348,0.9905
"C",3014,"two","different shape","balanced","exponential","normal",1,0,0.2,50,50,-0.238954569059087,2000,"ref",0,0.055,0.0535,0.053,0.0535,0.785509033776446,0.233,0.3375,0.9885
"C",3015,"two","different shape","x smaller (1:2)","exponential","normal",1,0,0.2,8,16,-0.238954569059087,2000,"perm",0,0.0485,0.048,0.0455,0.048,1.82743179136389,0.083,0.01,0.403
"C",3015,"two","different shape","x smaller (1:2)","exponential","normal",1,0,0.2,8,16,-0.238954569059087,2000,"boot_stud",0,0.05,0.046,0.049,0.049,1.95426677328687,0.078,0.011,0.401
"C",3015,"two","different shape","x smaller (1:2)","exponential","normal",1,0,0.2,8,16,-0.238954569059087,2000,"boot_bca",0,0.0655,0.0455,0.072,0.072,1.6868391271941,0.0885,0.0065,0.4705
"C",3015,"two","different shape","x smaller (1:2)","exponential","normal",1,0,0.2,8,16,-0.238954569059087,2000,"ref",0,0.0505,0.0515,0.0445,0.0515,1.83034742043824,0.091,0.0095,0.408
"C",3016,"two","different shape","x smaller (1:2)","exponential","normal",1,0,0.2,15,30,-0.238954569059087,2000,"perm",0,0.0415,0.0485,0.0415,0.0485,1.28777254490047,0.1235,0.042,0.794
"C",3016,"two","different shape","x smaller (1:2)","exponential","normal",1,0,0.2,15,30,-0.238954569059087,2000,"boot_stud",0,0.0455,0.0555,0.049,0.0555,1.30388967519095,0.119,0.048,0.787
"C",3016,"two","different shape","x smaller (1:2)","exponential","normal",1,0,0.2,15,30,-0.238954569059087,2000,"boot_bca",0,0.0565,0.053,0.049,0.053,1.21316750756739,0.1235,0.0415,0.8285
"C",3016,"two","different shape","x smaller (1:2)","exponential","normal",1,0,0.2,15,30,-0.238954569059087,2000,"ref",0,0.0455,0.0575,0.0395,0.0575,1.2660502483577,0.1335,0.042,0.7985
"C",3017,"two","different shape","x smaller (1:2)","exponential","normal",1,0,0.2,30,60,-0.238954569059087,2000,"perm",0,0.043,0.0465,0.048,0.048,0.873270769808798,0.197,0.248,0.986
"C",3017,"two","different shape","x smaller (1:2)","exponential","normal",1,0,0.2,30,60,-0.238954569059087,2000,"boot_stud",0,0.046,0.049,0.0525,0.0525,0.873491808849497,0.182,0.2575,0.9855
"C",3017,"two","different shape","x smaller (1:2)","exponential","normal",1,0,0.2,30,60,-0.238954569059087,2000,"boot_bca",0,0.047,0.049,0.0555,0.0555,0.848011517886142,0.1925,0.2675,0.9885
"C",3017,"two","different shape","x smaller (1:2)","exponential","normal",1,0,0.2,30,60,-0.238954569059087,2000,"ref",0,0.046,0.0555,0.0415,0.0555,0.86290877339347,0.2015,0.245,0.985
"C",3018,"two","different shape","x larger (2:1)","exponential","normal",1,0,0.2,16,8,-0.238954569059087,2000,"perm",0,0.0590000000000001,0.0495,0.063,0.063,1.85829373321719,0.0805,0.0105,0.3705
"C",3018,"two","different shape","x larger (2:1)","exponential","normal",1,0,0.2,16,8,-0.238954569059087,2000,"boot_stud",0,0.0610000000000001,0.0405,0.0625,0.0625,2.06998493550448,0.0655,0.0095,0.3425
"C",3018,"two","different shape","x larger (2:1)","exponential","normal",1,0,0.2,16,8,-0.238954569059087,2000,"boot_bca",0,0.0685,0.0525,0.066,0.066,1.7111287983925,0.088,0.0065,0.417
"C",3018,"two","different shape","x larger (2:1)","exponential","normal",1,0,0.2,16,8,-0.238954569059087,2000,"ref",0,0.053,0.0435,0.0615,0.0615,1.93388018032466,0.076,0.009,0.363
"C",3019,"two","different shape","x larger (2:1)","exponential","normal",1,0,0.2,30,15,-0.238954569059087,2000,"perm",0,0.0649999999999999,0.0625,0.0545,0.0625,1.33161835189975,0.1135,0.0425,0.7055
"C",3019,"two","different shape","x larger (2:1)","exponential","normal",1,0,0.2,30,15,-0.238954569059087,2000,"boot_stud",0,0.0625,0.053,0.0605,0.0605,1.39206061635514,0.099,0.044,0.7045
"C",3019,"two","different shape","x larger (2:1)","exponential","normal",1,0,0.2,30,15,-0.238954569059087,2000,"boot_bca",0,0.07,0.0555,0.0595,0.0595,1.25992593895369,0.1195,0.0345,0.758
"C",3019,"two","different shape","x larger (2:1)","exponential","normal",1,0,0.2,30,15,-0.238954569059087,2000,"ref",0,0.0669999999999999,0.058,0.06,0.06,1.3423521952318,0.112,0.0405,0.7215
"C",3020,"two","different shape","x larger (2:1)","exponential","normal",1,0,0.2,60,30,-0.238954569059087,2000,"perm",0,0.0580000000000001,0.059,0.056,0.059,0.914299191041068,0.173,0.2385,0.9565
"C",3020,"two","different shape","x larger (2:1)","exponential","normal",1,0,0.2,60,30,-0.238954569059087,2000,"boot_stud",0,0.0555,0.053,0.0605,0.0605,0.926566979215241,0.1625,0.243,0.9555
"C",3020,"two","different shape","x larger (2:1)","exponential","normal",1,0,0.2,60,30,-0.238954569059087,2000,"boot_bca",0,0.0645,0.057,0.0635,0.0635,0.889220362522795,0.174,0.2625,0.962
"C",3020,"two","different shape","x larger (2:1)","exponential","normal",1,0,0.2,60,30,-0.238954569059087,2000,"ref",0,0.0595,0.0535,0.0615,0.0615,0.91550509973705,0.1715,0.249,0.9595
"C",3021,"two","different shape","balanced","likert_skew","likert_mid",1,0,0,8,8,-0.200000000000001,2000,"perm",0,0.0575,0.079,0.0315,0.079,2.2963790639362,0.0465,0,0.081
"C",3021,"two","different shape","balanced","likert_skew","likert_mid",1,0,0,8,8,-0.200000000000001,2000,"boot_stud",0,0.0465,0.0575,0.0395,0.0575,2.42146462164129,0.058,0,0.085
"C",3021,"two","different shape","balanced","likert_skew","likert_mid",1,0,0,8,8,-0.200000000000001,2000,"boot_bca",0,0.0995,0.118,0.0385,0.118,1.9482998133009,0.114,0,0.136
"C",3021,"two","different shape","balanced","likert_skew","likert_mid",1,0,0,8,8,-0.200000000000001,2000,"ref",0,0.0535,0.066,0.038,0.066,2.32740774494318,0.0715,0,0.1125
"C",3022,"two","different shape","balanced","likert_skew","likert_mid",1,0,0,15,15,-0.200000000000001,2000,"perm",0,0.0570000000000001,0.0555,0.0475,0.0555,1.60760824069093,0.0665,0.002,0.5425
"C",3022,"two","different shape","balanced","likert_skew","likert_mid",1,0,0,15,15,-0.200000000000001,2000,"boot_stud",0,0.0485,0.0535,0.0465,0.0535,1.63833853863444,0.073,0.0015,0.5135
"C",3022,"two","different shape","balanced","likert_skew","likert_mid",1,0,0,15,15,-0.200000000000001,2000,"boot_bca",0,0.0785,0.069,0.058,0.069,1.48500850572186,0.1025,0.004,0.533
"C",3022,"two","different shape","balanced","likert_skew","likert_mid",1,0,0,15,15,-0.200000000000001,2000,"ref",0,0.0555,0.0595,0.0425,0.0595,1.61774793253234,0.0885,0.002,0.498
"C",3023,"two","different shape","balanced","likert_skew","likert_mid",1,0,0,30,30,-0.200000000000001,2000,"perm",0,0.0585,0.066,0.0385,0.066,1.1163004812876,0.099,0.0955,0.889
"C",3023,"two","different shape","balanced","likert_skew","likert_mid",1,0,0,30,30,-0.200000000000001,2000,"boot_stud",0,0.052,0.0495,0.047,0.0495,1.12431476014008,0.111,0.072,0.894
"C",3023,"two","different shape","balanced","likert_skew","likert_mid",1,0,0,30,30,-0.200000000000001,2000,"boot_bca",0,0.0645,0.0605,0.0505,0.0605,1.07103773750531,0.132,0.0725,0.875
"C",3023,"two","different shape","balanced","likert_skew","likert_mid",1,0,0,30,30,-0.200000000000001,2000,"ref",0,0.055,0.0575,0.0465,0.0575,1.11861640271708,0.1225,0.072,0.8815
"C",3024,"two","different shape","balanced","likert_skew","likert_mid",1,0,0,50,50,-0.200000000000001,2000,"perm",0,0.0415,0.0615,0.039,0.0615,0.860477736436343,0.1265,0.3505,0.988
"C",3024,"two","different shape","balanced","likert_skew","likert_mid",1,0,0,50,50,-0.200000000000001,2000,"boot_stud",0,0.038,0.047,0.0455,0.047,0.863430021481802,0.132,0.3415,0.987
"C",3024,"two","different shape","balanced","likert_skew","likert_mid",1,0,0,50,50,-0.200000000000001,2000,"boot_bca",0,0.0445,0.0535,0.049,0.0535,0.838268144174404,0.1565,0.3235,0.985
"C",3024,"two","different shape","balanced","likert_skew","likert_mid",1,0,0,50,50,-0.200000000000001,2000,"ref",0,0.0395,0.054,0.043,0.054,0.860530988644372,0.1475,0.34,0.986
"C",3025,"two","different shape","x smaller (1:2)","likert_skew","likert_mid",1,0,0,8,16,-0.200000000000001,2000,"perm",0,0.0595,0.066,0.039,0.066,1.99612069726663,0.082,5e-04,0.243
"C",3025,"two","different shape","x smaller (1:2)","likert_skew","likert_mid",1,0,0,8,16,-0.200000000000001,2000,"boot_stud",0,0.053,0.0605,0.0325,0.0605,2.06930002417255,0.0745,0,0.2475
"C",3025,"two","different shape","x smaller (1:2)","likert_skew","likert_mid",1,0,0,8,16,-0.200000000000001,2000,"boot_bca",0,0.087,0.0885,0.047,0.0885,1.71554764695713,0.115,5e-04,0.3665
"C",3025,"two","different shape","x smaller (1:2)","likert_skew","likert_mid",1,0,0,8,16,-0.200000000000001,2000,"ref",0,0.0605,0.0715,0.0355,0.0715,1.99285109688636,0.0885,0,0.2485
"C",3026,"two","different shape","x smaller (1:2)","likert_skew","likert_mid",1,0,0,15,30,-0.200000000000001,2000,"perm",0,0.0505,0.057,0.039,0.057,1.40100675856565,0.096,0.0035,0.6985
"C",3026,"two","different shape","x smaller (1:2)","likert_skew","likert_mid",1,0,0,15,30,-0.200000000000001,2000,"boot_stud",0,0.046,0.048,0.0385,0.048,1.41884623579108,0.0795,0.004,0.722
"C",3026,"two","different shape","x smaller (1:2)","likert_skew","likert_mid",1,0,0,15,30,-0.200000000000001,2000,"boot_bca",0,0.0590000000000001,0.064,0.048,0.064,1.29644505905244,0.105,0.006,0.7385
"C",3026,"two","different shape","x smaller (1:2)","likert_skew","likert_mid",1,0,0,15,30,-0.200000000000001,2000,"ref",0,0.0525,0.0595,0.036,0.0595,1.39627602179559,0.1015,0.0045,0.693
"C",3027,"two","different shape","x smaller (1:2)","likert_skew","likert_mid",1,0,0,30,60,-0.200000000000001,2000,"perm",0,0.0505,0.056,0.0415,0.056,0.969911338586254,0.1415,0.1945,0.9595
"C",3027,"two","different shape","x smaller (1:2)","likert_skew","likert_mid",1,0,0,30,60,-0.200000000000001,2000,"boot_stud",0,0.0485,0.0475,0.044,0.0475,0.975092550333264,0.1165,0.207,0.964
"C",3027,"two","different shape","x smaller (1:2)","likert_skew","likert_mid",1,0,0,30,60,-0.200000000000001,2000,"boot_bca",0,0.054,0.0535,0.0465,0.0535,0.932465519806608,0.1415,0.2155,0.9625
"C",3027,"two","different shape","x smaller (1:2)","likert_skew","likert_mid",1,0,0,30,60,-0.200000000000001,2000,"ref",0,0.05,0.0555,0.041,0.0555,0.967521457233743,0.145,0.1995,0.9595
"C",3028,"two","different shape","x larger (2:1)","likert_skew","likert_mid",1,0,0,16,8,-0.200000000000001,2000,"perm",0,0.046,0.0685,0.034,0.0685,2.02232203240015,0.069,0,0.255
"C",3028,"two","different shape","x larger (2:1)","likert_skew","likert_mid",1,0,0,16,8,-0.200000000000001,2000,"boot_stud",0,0.0465,0.0515,0.0435,0.0515,2.06069607828914,0.061,0,0.262
"C",3028,"two","different shape","x larger (2:1)","likert_skew","likert_mid",1,0,0,16,8,-0.200000000000001,2000,"boot_bca",0,0.0845,0.0935,0.057,0.0935,1.72944448114653,0.119,0.001,0.3475
"C",3028,"two","different shape","x larger (2:1)","likert_skew","likert_mid",1,0,0,16,8,-0.200000000000001,2000,"ref",0,0.05,0.061,0.043,0.061,2.01039720316955,0.0755,0,0.2665
"C",3029,"two","different shape","x larger (2:1)","likert_skew","likert_mid",1,0,0,30,15,-0.200000000000001,2000,"perm",0,0.0515,0.058,0.043,0.058,1.40727625086247,0.084,0.0045,0.6975
"C",3029,"two","different shape","x larger (2:1)","likert_skew","likert_mid",1,0,0,30,15,-0.200000000000001,2000,"boot_stud",0,0.05,0.0515,0.0515,0.0515,1.41236553296926,0.08,0.0045,0.7165
"C",3029,"two","different shape","x larger (2:1)","likert_skew","likert_mid",1,0,0,30,15,-0.200000000000001,2000,"boot_bca",0,0.0725,0.063,0.058,0.063,1.29965664862267,0.103,0.007,0.732
"C",3029,"two","different shape","x larger (2:1)","likert_skew","likert_mid",1,0,0,30,15,-0.200000000000001,2000,"ref",0,0.0545,0.0545,0.048,0.0545,1.40169238259526,0.087,0.0065,0.712
"C",3030,"two","different shape","x larger (2:1)","likert_skew","likert_mid",1,0,0,60,30,-0.200000000000001,2000,"perm",0,0.0485,0.053,0.043,0.053,0.97437351477845,0.1145,0.2275,0.944
"C",3030,"two","different shape","x larger (2:1)","likert_skew","likert_mid",1,0,0,60,30,-0.200000000000001,2000,"boot_stud",0,0.045,0.0435,0.0455,0.0455,0.975876108895971,0.104,0.237,0.951
"C",3030,"two","different shape","x larger (2:1)","likert_skew","likert_mid",1,0,0,60,30,-0.200000000000001,2000,"boot_bca",0,0.0580000000000001,0.052,0.0495,0.052,0.935616202643279,0.1265,0.247,0.9505
"C",3030,"two","different shape","x larger (2:1)","likert_skew","likert_mid",1,0,0,60,30,-0.200000000000001,2000,"ref",0,0.048,0.046,0.0445,0.046,0.971836969250256,0.1175,0.241,0.948
"C",3031,"two","power (shift 0.5)","balanced","normal","normal",1,0.5,0,15,15,0.5,2000,"perm",0,0.0505,0.0555,0.0505,0.0555,1.48370352041399,0.26,0.0035,0.371
"C",3031,"two","power (shift 0.5)","balanced","normal","normal",1,0.5,0,15,15,0.5,2000,"boot_stud",0,0.048,0.055,0.053,0.055,1.50101753824839,0.252,0.002,0.3665
"C",3031,"two","power (shift 0.5)","balanced","normal","normal",1,0.5,0,15,15,0.5,2000,"boot_bca",0,0.074,0.068,0.0655,0.068,1.36983159542939,0.311,0.006,0.411
"C",3031,"two","power (shift 0.5)","balanced","normal","normal",1,0.5,0,15,15,0.5,2000,"ref",0,0.0505,0.055,0.051,0.055,1.48750932111702,0.257,0.0035,0.37
"C",3032,"two","power (shift 0.5)","balanced","normal","normal",1,0.5,0,30,30,0.5,2000,"perm",0,0.0425,0.0425,0.051,0.051,1.03092854195257,0.488,0.0335,0.6065
"C",3032,"two","power (shift 0.5)","balanced","normal","normal",1,0.5,0,30,30,0.5,2000,"boot_stud",0,0.0435,0.044,0.05,0.05,1.03465538552771,0.4765,0.0355,0.6085
"C",3032,"two","power (shift 0.5)","balanced","normal","normal",1,0.5,0,30,30,0.5,2000,"boot_bca",0,0.0545,0.053,0.0555,0.0555,0.989034932050289,0.5055,0.0455,0.628
"C",3032,"two","power (shift 0.5)","balanced","normal","normal",1,0.5,0,30,30,0.5,2000,"ref",0,0.045,0.0425,0.0485,0.0485,1.03029315606813,0.489,0.0335,0.61
"C",3033,"paired","paired differences","paired","normal",NA,1,0.5,0,15,15,0.5,2000,"perm",0,0.0545,0.048,0.063,0.063,1.08857778991678,0.431,0.0375,0.5775
"C",3033,"paired","paired differences","paired","normal",NA,1,0.5,0,15,15,0.5,2000,"boot_stud",0,0.052,0.0505,0.0625,0.0625,1.12220785313343,0.4175,0.039,0.5635
"C",3033,"paired","paired differences","paired","normal",NA,1,0.5,0,15,15,0.5,2000,"boot_bca",0,0.0935,0.068,0.085,0.085,0.963473796233955,0.5205,0.0585,0.629
"C",3033,"paired","paired differences","paired","normal",NA,1,0.5,0,15,15,0.5,2000,"ref",0,0.0545,0.049,0.061,0.061,1.08612726763573,0.431,0.0375,0.579
"C",3034,"paired","paired differences","paired","normal",NA,1,0.5,0,30,30,0.5,2000,"perm",0,0.04,0.045,0.051,0.051,0.741241609077925,0.7575,0.045,0.846
"C",3034,"paired","paired differences","paired","normal",NA,1,0.5,0,30,30,0.5,2000,"boot_stud",0,0.044,0.0435,0.05,0.05,0.747078283010421,0.7565,0.0435,0.8485
"C",3034,"paired","paired differences","paired","normal",NA,1,0.5,0,30,30,0.5,2000,"boot_bca",0,0.0575,0.0565,0.0585,0.0585,0.697818661963711,0.789,0.0565,0.8675
"C",3034,"paired","paired differences","paired","normal",NA,1,0.5,0,30,30,0.5,2000,"ref",0,0.0395,0.0445,0.0495,0.0495,0.741154663299722,0.7595,0.0445,0.8485
"C",3035,"two","power (shift 0.5)","balanced","exponential","exponential",1,0.5,0,15,15,0.5,2000,"perm",0,0.051,0.049,0.054,0.054,1.44036079836355,0.318,0.0075,0.3785
"C",3035,"two","power (shift 0.5)","balanced","exponential","exponential",1,0.5,0,15,15,0.5,2000,"boot_stud",0,0.0725,0.0595,0.063,0.063,1.53735967364279,0.343,0.0075,0.3555
"C",3035,"two","power (shift 0.5)","balanced","exponential","exponential",1,0.5,0,15,15,0.5,2000,"boot_bca",0,0.097,0.078,0.0805,0.0805,1.38283015276799,0.391,0.0125,0.4195
"C",3035,"two","power (shift 0.5)","balanced","exponential","exponential",1,0.5,0,15,15,0.5,2000,"ref",0,0.044,0.0445,0.051,0.051,1.47942890756376,0.304,0.008,0.375
"C",3036,"two","power (shift 0.5)","balanced","exponential","exponential",1,0.5,0,30,30,0.5,2000,"perm",0,0.0525,0.0475,0.059,0.059,1.00919471436708,0.5245,0.033,0.6175
"C",3036,"two","power (shift 0.5)","balanced","exponential","exponential",1,0.5,0,30,30,0.5,2000,"boot_stud",0,0.074,0.056,0.0725,0.0725,1.03366829213298,0.513,0.033,0.6045
"C",3036,"two","power (shift 0.5)","balanced","exponential","exponential",1,0.5,0,30,30,0.5,2000,"boot_bca",0,0.0845,0.0665,0.0815,0.0815,0.985976650214532,0.5425,0.0485,0.629
"C",3036,"two","power (shift 0.5)","balanced","exponential","exponential",1,0.5,0,30,30,0.5,2000,"ref",0,0.0515,0.0475,0.061,0.061,1.01765091274342,0.5205,0.0335,0.6145
"C",3037,"paired","paired differences","paired","exponential",NA,1,0.5,0,15,15,0.5,2000,"perm",0,0.1025,0.1295,0.0215,0.1295,1.00221607317047,0.43,0.1295,0.617
"C",3037,"paired","paired differences","paired","exponential",NA,1,0.5,0,15,15,0.5,2000,"boot_stud",0,0.0635,0.08,0.036,0.08,1.2958239871945,0.636,0.08,0.44
"C",3037,"paired","paired differences","paired","exponential",NA,1,0.5,0,15,15,0.5,2000,"boot_bca",0,0.1085,0.107,0.0495,0.107,0.969628009375926,0.7525,0.107,0.5525
"C",3037,"paired","paired differences","paired","exponential",NA,1,0.5,0,15,15,0.5,2000,"ref",0,0.096,0.1255,0.022,0.1255,1.03967015536343,0.405,0.1255,0.613
"C",3038,"paired","paired differences","paired","exponential",NA,1,0.5,0,30,30,0.5,2000,"perm",0,0.0775,0.0965,0.0235,0.0965,0.712568083300791,0.872,0.0965,0.7945
"C",3038,"paired","paired differences","paired","exponential",NA,1,0.5,0,30,30,0.5,2000,"boot_stud",0,0.056,0.064,0.043,0.064,0.814567864539551,0.9445,0.064,0.6655
"C",3038,"paired","paired differences","paired","exponential",NA,1,0.5,0,30,30,0.5,2000,"boot_bca",0,0.078,0.0815,0.0485,0.0815,0.712875535274753,0.9615,0.0815,0.725
"C",3038,"paired","paired differences","paired","exponential",NA,1,0.5,0,30,30,0.5,2000,"ref",0,0.0745,0.0985,0.024,0.0985,0.72730666084607,0.8505,0.0985,0.7955
"C",3039,"two","power (shift 0.5)","balanced","t3","t3",1,0.5,0,15,15,0.5,2000,"perm",0,0.044,0.0495,0.0445,0.0495,1.34548029374551,0.3525,0.015,0.44
"C",3039,"two","power (shift 0.5)","balanced","t3","t3",1,0.5,0,15,15,0.5,2000,"boot_stud",0,0.0659999999999999,0.063,0.0555,0.063,1.51870076162273,0.366,0.017,0.426
"C",3039,"two","power (shift 0.5)","balanced","t3","t3",1,0.5,0,15,15,0.5,2000,"boot_bca",0,0.092,0.082,0.0725,0.082,1.33166466937765,0.416,0.0235,0.481
"C",3039,"two","power (shift 0.5)","balanced","t3","t3",1,0.5,0,15,15,0.5,2000,"ref",0,0.0395,0.047,0.042,0.047,1.40612829610397,0.326,0.014,0.4325
"C",3040,"two","power (shift 0.5)","balanced","t3","t3",1,0.5,0,30,30,0.5,2000,"perm",0,0.054,0.0495,0.0605,0.0605,0.946359170593603,0.566,0.039,0.674
"C",3040,"two","power (shift 0.5)","balanced","t3","t3",1,0.5,0,30,30,0.5,2000,"boot_stud",0,0.07,0.0675,0.0715,0.0715,0.997960272986312,0.5565,0.0385,0.6545
"C",3040,"two","power (shift 0.5)","balanced","t3","t3",1,0.5,0,30,30,0.5,2000,"boot_bca",0,0.0935,0.076,0.0855,0.0855,0.947492805800821,0.593,0.049,0.6775
"C",3040,"two","power (shift 0.5)","balanced","t3","t3",1,0.5,0,30,30,0.5,2000,"ref",0,0.053,0.046,0.057,0.057,0.966975588761045,0.5545,0.0365,0.668
"C",3041,"paired","paired differences","paired","t3",NA,1,0.5,0,15,15,0.5,2000,"perm",0,0.042,0.046,0.0465,0.0465,0.946645447724606,0.5875,0.038,0.711
"C",3041,"paired","paired differences","paired","t3",NA,1,0.5,0,15,15,0.5,2000,"boot_stud",0,0.0715,0.065,0.0635,0.065,1.17476049616312,0.564,0.04,0.664
"C",3041,"paired","paired differences","paired","t3",NA,1,0.5,0,15,15,0.5,2000,"boot_bca",0,0.1125,0.088,0.083,0.088,0.913226942499396,0.632,0.064,0.728
"C",3041,"paired","paired differences","paired","t3",NA,1,0.5,0,15,15,0.5,2000,"ref",0,0.037,0.0415,0.045,0.045,0.989205535893894,0.5625,0.0365,0.703
"C",3042,"paired","paired differences","paired","t3",NA,1,0.5,0,30,30,0.5,2000,"perm",0,0.053,0.0595,0.0495,0.0595,0.67388922411261,0.8175,0.058,0.8845
"C",3042,"paired","paired differences","paired","t3",NA,1,0.5,0,30,30,0.5,2000,"boot_stud",0,0.0835,0.0745,0.067,0.0745,0.775189965477433,0.7715,0.0635,0.8475
"C",3042,"paired","paired differences","paired","t3",NA,1,0.5,0,30,30,0.5,2000,"boot_bca",0,0.1095,0.0855,0.079,0.0855,0.685532746457618,0.7975,0.0755,0.8675
"C",3042,"paired","paired differences","paired","t3",NA,1,0.5,0,30,30,0.5,2000,"ref",0,0.0465,0.055,0.0465,0.055,0.698712991702032,0.805,0.0525,0.8805
"C",3043,"two","power (shift 0.5)","balanced","contaminated","contaminated",1,0.5,0,15,15,0.5,2000,"perm",0,0.0455,0.04,0.049,0.049,1.34408159861703,0.4065,0.014,0.434
"C",3043,"two","power (shift 0.5)","balanced","contaminated","contaminated",1,0.5,0,15,15,0.5,2000,"boot_stud",0,0.0755,0.0615,0.0745,0.0745,1.55272266184737,0.431,0.016,0.3885
"C",3043,"two","power (shift 0.5)","balanced","contaminated","contaminated",1,0.5,0,15,15,0.5,2000,"boot_bca",0,0.1145,0.0795,0.0945,0.0945,1.35936522787334,0.48,0.02,0.4535
"C",3043,"two","power (shift 0.5)","balanced","contaminated","contaminated",1,0.5,0,15,15,0.5,2000,"ref",0,0.036,0.0365,0.044,0.044,1.42365071693164,0.3625,0.0135,0.414
"C",3044,"two","power (shift 0.5)","balanced","contaminated","contaminated",1,0.5,0,30,30,0.5,2000,"perm",0,0.04,0.0345,0.053,0.053,0.984603344932947,0.5465,0.023,0.645
"C",3044,"two","power (shift 0.5)","balanced","contaminated","contaminated",1,0.5,0,30,30,0.5,2000,"boot_stud",0,0.074,0.06,0.076,0.076,1.04445749334895,0.531,0.0305,0.618
"C",3044,"two","power (shift 0.5)","balanced","contaminated","contaminated",1,0.5,0,30,30,0.5,2000,"boot_bca",0,0.093,0.0705,0.0835,0.0835,0.989020056774209,0.551,0.043,0.64
"C",3044,"two","power (shift 0.5)","balanced","contaminated","contaminated",1,0.5,0,30,30,0.5,2000,"ref",0,0.0375,0.0345,0.053,0.053,1.00736565260301,0.53,0.0215,0.647
"C",3045,"paired","paired differences","paired","contaminated",NA,1,0.5,0,15,15,0.5,2000,"perm",0,0.0415,0.0385,0.043,0.043,0.940421546839972,0.635,0.0305,0.6985
"C",3045,"paired","paired differences","paired","contaminated",NA,1,0.5,0,15,15,0.5,2000,"boot_stud",0,0.0685,0.076,0.067,0.076,1.19045745828505,0.6245,0.0345,0.6205
"C",3045,"paired","paired differences","paired","contaminated",NA,1,0.5,0,15,15,0.5,2000,"boot_bca",0,0.1275,0.101,0.086,0.101,0.957964271200354,0.666,0.0585,0.6945
"C",3045,"paired","paired differences","paired","contaminated",NA,1,0.5,0,15,15,0.5,2000,"ref",0,0.0335,0.0335,0.039,0.039,1.01259342695328,0.5965,0.027,0.688
"C",3046,"paired","paired differences","paired","contaminated",NA,1,0.5,0,30,30,0.5,2000,"perm",0,0.05,0.043,0.054,0.054,0.676680952163042,0.807,0.0415,0.8325
"C",3046,"paired","paired differences","paired","contaminated",NA,1,0.5,0,30,30,0.5,2000,"boot_stud",0,0.094,0.0725,0.0925,0.0925,0.778311441376239,0.7435,0.0585,0.7585
"C",3046,"paired","paired differences","paired","contaminated",NA,1,0.5,0,30,30,0.5,2000,"boot_bca",0,0.128,0.0885,0.1035,0.1035,0.704598246995067,0.758,0.0815,0.7905
"C",3046,"paired","paired differences","paired","contaminated",NA,1,0.5,0,30,30,0.5,2000,"ref",0,0.042,0.0415,0.0505,0.0505,0.709614780853908,0.7825,0.04,0.831
"C",3047,"two","power (shift 0.5)","balanced","normal","normal",1,0.5,0.2,15,15,0.5,2000,"perm",0,0.054,0.0525,0.0525,0.0525,1.67608825170285,0.2135,0.004,0.3
"C",3047,"two","power (shift 0.5)","balanced","normal","normal",1,0.5,0.2,15,15,0.5,2000,"boot_stud",0,0.049,0.0455,0.0515,0.0515,1.71933015406415,0.1935,0.003,0.2945
"C",3047,"two","power (shift 0.5)","balanced","normal","normal",1,0.5,0.2,15,15,0.5,2000,"boot_bca",0,0.0570000000000001,0.0505,0.056,0.056,1.56209257262986,0.2475,0.001,0.3305
"C",3047,"two","power (shift 0.5)","balanced","normal","normal",1,0.5,0.2,15,15,0.5,2000,"ref",0,0.0555,0.05,0.054,0.054,1.66457815548382,0.2125,0.004,0.3055
"C",3048,"two","power (shift 0.5)","balanced","normal","normal",1,0.5,0.2,30,30,0.5,2000,"perm",0,0.0495,0.049,0.0425,0.049,1.11935099843723,0.4035,0.0255,0.567
"C",3048,"two","power (shift 0.5)","balanced","normal","normal",1,0.5,0.2,30,30,0.5,2000,"boot_stud",0,0.0465,0.047,0.041,0.047,1.12810817625745,0.397,0.0245,0.565
"C",3048,"two","power (shift 0.5)","balanced","normal","normal",1,0.5,0.2,30,30,0.5,2000,"boot_bca",0,0.0535,0.0565,0.0475,0.0565,1.08700392448582,0.422,0.032,0.573
"C",3048,"two","power (shift 0.5)","balanced","normal","normal",1,0.5,0.2,30,30,0.5,2000,"ref",0,0.049,0.05,0.0445,0.05,1.11485767220178,0.4045,0.027,0.5705
"C",3049,"paired","paired differences","paired","normal",NA,1,0.5,0.2,15,15,0.5,2000,"perm",0,0.056,0.054,0.0535,0.054,1.28437670804526,0.355,0.037,0.4885
"C",3049,"paired","paired differences","paired","normal",NA,1,0.5,0.2,15,15,0.5,2000,"boot_stud",0,0.0465,0.048,0.043,0.048,1.39376755564909,0.308,0.0325,0.4655
"C",3049,"paired","paired differences","paired","normal",NA,1,0.5,0.2,15,15,0.5,2000,"boot_bca",0,0.0639999999999999,0.057,0.0555,0.057,1.07699823404271,0.449,0.0435,0.5645
"C",3049,"paired","paired differences","paired","normal",NA,1,0.5,0.2,15,15,0.5,2000,"ref",0,0.0545,0.0545,0.053,0.0545,1.21893296190151,0.3605,0.039,0.504
"C",3050,"paired","paired differences","paired","normal",NA,1,0.5,0.2,30,30,0.5,2000,"perm",0,0.0535,0.0455,0.0515,0.0515,0.82465817726105,0.6755,0.045,0.78
"C",3050,"paired","paired differences","paired","normal",NA,1,0.5,0.2,30,30,0.5,2000,"boot_stud",0,0.0415,0.043,0.0505,0.0505,0.842506715970799,0.6475,0.042,0.779
"C",3050,"paired","paired differences","paired","normal",NA,1,0.5,0.2,30,30,0.5,2000,"boot_bca",0,0.0495,0.042,0.051,0.051,0.766094778604368,0.7305,0.042,0.8125
"C",3050,"paired","paired differences","paired","normal",NA,1,0.5,0.2,30,30,0.5,2000,"ref",0,0.052,0.043,0.0535,0.0535,0.811997157420565,0.6825,0.0425,0.784
"C",3051,"two","power (shift 0.5)","balanced","exponential","exponential",1,0.5,0.2,15,15,0.5,2000,"perm",0,0.0485,0.054,0.0515,0.054,1.3426664322197,0.344,0.021,0.4565
"C",3051,"two","power (shift 0.5)","balanced","exponential","exponential",1,0.5,0.2,15,15,0.5,2000,"boot_stud",0,0.049,0.0535,0.0545,0.0545,1.42664803762857,0.325,0.02,0.4555
"C",3051,"two","power (shift 0.5)","balanced","exponential","exponential",1,0.5,0.2,15,15,0.5,2000,"boot_bca",0,0.056,0.0585,0.053,0.0585,1.36645738396164,0.323,0.017,0.4565
"C",3051,"two","power (shift 0.5)","balanced","exponential","exponential",1,0.5,0.2,15,15,0.5,2000,"ref",0,0.0395,0.048,0.0455,0.048,1.39100077910364,0.3185,0.0185,0.4465
"C",3052,"two","power (shift 0.5)","balanced","exponential","exponential",1,0.5,0.2,30,30,0.5,2000,"perm",0,0.042,0.0485,0.044,0.0485,0.928188083293477,0.569,0.041,0.6845
"C",3052,"two","power (shift 0.5)","balanced","exponential","exponential",1,0.5,0.2,30,30,0.5,2000,"boot_stud",0,0.0435,0.051,0.049,0.051,0.945955793491766,0.563,0.0425,0.6765
"C",3052,"two","power (shift 0.5)","balanced","exponential","exponential",1,0.5,0.2,30,30,0.5,2000,"boot_bca",0,0.046,0.0495,0.0505,0.0505,0.941060009559034,0.5625,0.0415,0.673
"C",3052,"two","power (shift 0.5)","balanced","exponential","exponential",1,0.5,0.2,30,30,0.5,2000,"ref",0,0.037,0.049,0.0445,0.049,0.944734247137967,0.5575,0.0405,0.678
"C",3053,"paired","paired differences","paired","exponential",NA,1,0.5,0.2,15,15,0.261045430940913,2000,"perm",0,0.0659999999999999,0.0775,0.031,0.0775,1.13685579593207,0.108,0.2685,0.791
"C",3053,"paired","paired differences","paired","exponential",NA,1,0.5,0.2,15,15,0.261045430940913,2000,"boot_stud",0,0.049,0.052,0.035,0.052,1.35706295885999,0.141,0.1765,0.648
"C",3053,"paired","paired differences","paired","exponential",NA,1,0.5,0.2,15,15,0.261045430940913,2000,"boot_bca",0,0.0595,0.0495,0.0585,0.0585,0.936473512949056,0.2885,0.2335,0.7865
"C",3053,"paired","paired differences","paired","exponential",NA,1,0.5,0.2,15,15,0.261045430940913,2000,"ref",0,0.0675,0.0825,0.0305,0.0825,1.02462154360881,0.124,0.2915,0.815
"C",3054,"paired","paired differences","paired","exponential",NA,1,0.5,0.2,30,30,0.261045430940913,2000,"perm",0,0.055,0.0755,0.0275,0.0755,0.700866857319267,0.2825,0.401,0.966
"C",3054,"paired","paired differences","paired","exponential",NA,1,0.5,0.2,30,30,0.261045430940913,2000,"boot_stud",0,0.044,0.0535,0.04,0.0535,0.741185520710467,0.4045,0.3205,0.9325
"C",3054,"paired","paired differences","paired","exponential",NA,1,0.5,0.2,30,30,0.261045430940913,2000,"boot_bca",0,0.055,0.0585,0.054,0.0585,0.646488150745168,0.507,0.3645,0.9655
"C",3054,"paired","paired differences","paired","exponential",NA,1,0.5,0.2,30,30,0.261045430940913,2000,"ref",0,0.0629999999999999,0.078,0.0305,0.078,0.676676260861531,0.3065,0.413,0.9695
"C",3055,"two","power (shift 0.5)","balanced","t3","t3",1,0.5,0.2,15,15,0.5,2000,"perm",0,0.049,0.0515,0.0475,0.0515,1.12208819921123,0.4275,0.0335,0.551
"C",3055,"two","power (shift 0.5)","balanced","t3","t3",1,0.5,0.2,15,15,0.5,2000,"boot_stud",0,0.0555,0.054,0.0525,0.054,1.14552768790031,0.408,0.032,0.5525
"C",3055,"two","power (shift 0.5)","balanced","t3","t3",1,0.5,0.2,15,15,0.5,2000,"boot_bca",0,0.0465,0.0465,0.0445,0.0465,1.13909751999911,0.4155,0.028,0.5425
"C",3055,"two","power (shift 0.5)","balanced","t3","t3",1,0.5,0.2,15,15,0.5,2000,"ref",0,0.047,0.048,0.049,0.049,1.13338745535248,0.4185,0.0315,0.552
"C",3056,"two","power (shift 0.5)","balanced","t3","t3",1,0.5,0.2,30,30,0.5,2000,"perm",0,0.054,0.0525,0.055,0.055,0.750028513205593,0.7325,0.052,0.8465
"C",3056,"two","power (shift 0.5)","balanced","t3","t3",1,0.5,0.2,30,30,0.5,2000,"boot_stud",0,0.0570000000000001,0.0545,0.06,0.06,0.752649377752808,0.73,0.054,0.842
"C",3056,"two","power (shift 0.5)","balanced","t3","t3",1,0.5,0.2,30,30,0.5,2000,"boot_bca",0,0.0515,0.0505,0.0545,0.0545,0.754787819044623,0.7295,0.05,0.843
"C",3056,"two","power (shift 0.5)","balanced","t3","t3",1,0.5,0.2,30,30,0.5,2000,"ref",0,0.053,0.052,0.057,0.057,0.752206193113515,0.733,0.0515,0.844
"C",3057,"paired","paired differences","paired","t3",NA,1,0.5,0.2,15,15,0.5,2000,"perm",0,0.0649999999999999,0.0575,0.052,0.0575,0.847547786994281,0.644,0.0545,0.7695
"C",3057,"paired","paired differences","paired","t3",NA,1,0.5,0.2,15,15,0.5,2000,"boot_stud",0,0.0545,0.054,0.0495,0.054,0.926829601892641,0.6155,0.0505,0.749
"C",3057,"paired","paired differences","paired","t3",NA,1,0.5,0.2,15,15,0.5,2000,"boot_bca",0,0.0585,0.0635,0.054,0.0635,0.796456451223995,0.695,0.061,0.789
"C",3057,"paired","paired differences","paired","t3",NA,1,0.5,0.2,15,15,0.5,2000,"ref",0,0.053,0.054,0.051,0.054,0.83385904000947,0.6575,0.052,0.7835
"C",3058,"paired","paired differences","paired","t3",NA,1,0.5,0.2,30,30,0.5,2000,"perm",0,0.047,0.05,0.049,0.05,0.543226270149252,0.9255,0.05,0.9755
"C",3058,"paired","paired differences","paired","t3",NA,1,0.5,0.2,30,30,0.5,2000,"boot_stud",0,0.049,0.0475,0.0465,0.0475,0.555363666029344,0.9075,0.0475,0.971
"C",3058,"paired","paired differences","paired","t3",NA,1,0.5,0.2,30,30,0.5,2000,"boot_bca",0,0.052,0.057,0.0485,0.057,0.528076930026202,0.934,0.057,0.976
"C",3058,"paired","paired differences","paired","t3",NA,1,0.5,0.2,30,30,0.5,2000,"ref",0,0.0465,0.0485,0.0455,0.0485,0.54314582124624,0.9295,0.0485,0.976
"C",3059,"two","power (shift 0.5)","balanced","contaminated","contaminated",1,0.5,0.2,15,15,0.5,2000,"perm",0,0.0435,0.0485,0.044,0.0485,0.999789425397415,0.514,0.043,0.6445
"C",3059,"two","power (shift 0.5)","balanced","contaminated","contaminated",1,0.5,0.2,15,15,0.5,2000,"boot_stud",0,0.049,0.0505,0.0465,0.0505,1.01359973994368,0.502,0.045,0.6465
"C",3059,"two","power (shift 0.5)","balanced","contaminated","contaminated",1,0.5,0.2,15,15,0.5,2000,"boot_bca",0,0.041,0.0455,0.042,0.0455,1.03966277630722,0.496,0.0365,0.632
"C",3059,"two","power (shift 0.5)","balanced","contaminated","contaminated",1,0.5,0.2,15,15,0.5,2000,"ref",0,0.047,0.0455,0.045,0.0455,1.00385119727235,0.5045,0.04,0.6445
"C",3060,"two","power (shift 0.5)","balanced","contaminated","contaminated",1,0.5,0.2,30,30,0.5,2000,"perm",0,0.05,0.0585,0.0465,0.0585,0.677207516743985,0.8145,0.0585,0.9005
"C",3060,"two","power (shift 0.5)","balanced","contaminated","contaminated",1,0.5,0.2,30,30,0.5,2000,"boot_stud",0,0.055,0.0575,0.048,0.0575,0.678490341592175,0.8095,0.0575,0.9015
"C",3060,"two","power (shift 0.5)","balanced","contaminated","contaminated",1,0.5,0.2,30,30,0.5,2000,"boot_bca",0,0.052,0.057,0.0495,0.057,0.673938415084729,0.816,0.057,0.899
"C",3060,"two","power (shift 0.5)","balanced","contaminated","contaminated",1,0.5,0.2,30,30,0.5,2000,"ref",0,0.0495,0.058,0.0455,0.058,0.676712327455001,0.8125,0.058,0.9005
"C",3061,"paired","paired differences","paired","contaminated",NA,1,0.5,0.2,15,15,0.5,2000,"perm",0,0.0585,0.0555,0.052,0.0555,0.774895939914971,0.712,0.055,0.836
"C",3061,"paired","paired differences","paired","contaminated",NA,1,0.5,0.2,15,15,0.5,2000,"boot_stud",0,0.0445,0.0485,0.049,0.049,0.84672917349625,0.662,0.047,0.809
"C",3061,"paired","paired differences","paired","contaminated",NA,1,0.5,0.2,15,15,0.5,2000,"boot_bca",0,0.052,0.052,0.051,0.052,0.722544444366791,0.7865,0.05,0.8595
"C",3061,"paired","paired differences","paired","contaminated",NA,1,0.5,0.2,15,15,0.5,2000,"ref",0,0.0515,0.0525,0.0505,0.0525,0.750555995386005,0.7405,0.0515,0.845
"C",3062,"paired","paired differences","paired","contaminated",NA,1,0.5,0.2,30,30,0.5,2000,"perm",0,0.056,0.0585,0.0495,0.0585,0.489270529379236,0.9705,0.0585,0.992
"C",3062,"paired","paired differences","paired","contaminated",NA,1,0.5,0.2,30,30,0.5,2000,"boot_stud",0,0.0515,0.055,0.0535,0.055,0.500230030364459,0.968,0.055,0.9915
"C",3062,"paired","paired differences","paired","contaminated",NA,1,0.5,0.2,30,30,0.5,2000,"boot_bca",0,0.0590000000000001,0.0595,0.055,0.0595,0.468758133872028,0.9755,0.0595,0.994
"C",3062,"paired","paired differences","paired","contaminated",NA,1,0.5,0.2,30,30,0.5,2000,"ref",0,0.052,0.057,0.052,0.057,0.485627855957368,0.9735,0.057,0.9925
